sensor,psi,ks_stat,ks_pvalue,severity
sensor_78,7.347328958902739,0.696781320100605,4.836145777006887e-111,significant
sensor_80,5.1579660292145615,0.39148936170212767,9.102679510082703e-33,significant
sensor_129,4.197493011702283,0.7614710080891849,6.363717747875394e-136,significant
sensor_132,3.848943786457651,0.416555638637754,4.491924995316286e-37,significant
sensor_545,3.5531298507884608,0.5230269866086601,2.0403845850882826e-59,significant
sensor_130,2.9291504756186986,0.31767045068316235,1.9248757449070323e-21,significant
sensor_122,2.8811131890955144,0.35383386581469645,1.298534473027247e-26,significant
sensor_59,2.8429516240003405,0.38172116103595943,3.677708729347047e-31,significant
sensor_570,2.5786805912393214,0.48913058255727004,1.0586956469890313e-51,significant
sensor_542,2.52974723383657,0.6689450071375163,4.923813129138024e-101,significant
sensor_127,2.3170031626106042,0.40704234926245664,2.3604388765248064e-35,significant
sensor_543,2.248557765743933,0.6071647066820747,1.1222291650670138e-81,significant
sensor_79,2.1689120132448876,0.4285126775881993,2.000400594918767e-39,significant
sensor_34,2.046014306105179,0.41448575895588335,1.0932905655769201e-36,significant
sensor_36,2.036271077848184,0.41448575895588335,1.0932905655769201e-36,significant
sensor_40,2.026967954920555,0.34003126911834686,1.438777862156635e-24,significant
sensor_393,2.022823130415402,0.6050710352797226,4.670729921238984e-81,significant
sensor_267,2.010769481763454,0.3345965603969818,8.527705337989603e-24,significant
sensor_4,1.8576324762531,0.18061994425939776,3.3429934308688347e-07,significant
sensor_55,1.824048910858901,0.23585072394806605,5.486663221645579e-12,significant
sensor_255,1.8208234882377121,0.5550540411936646,2.3548105969479344e-67,significant
sensor_527,1.787041152660218,0.5466011827883897,2.960210549946688e-65,significant
sensor_25,1.7509613008412586,0.33613282577662973,4.230122757666803e-24,significant
sensor_268,1.740228892055869,0.22436612059003458,6.986317688599798e-11,significant
sensor_331,1.6683569654513635,0.2301746992046768,2.1868732914202096e-11,significant
sensor_519,1.6107854206092445,0.2988545985996873,4.507779357899222e-19,significant
sensor_385,1.553313286609658,0.25626062130378624,4.298002918832708e-14,significant
sensor_124,1.4996483483812326,0.4561960437767656,7.60790005655304e-45,significant
sensor_290,1.4854625397317598,0.2750186934946638,4.122187908962494e-16,significant
sensor_306,1.4696092366890612,0.19935422472979403,1.2473247352431303e-08,significant
sensor_468,1.432122368264329,0.24862008021208626,2.785826926963294e-13,significant
sensor_53,1.3400920672097232,0.233940588675141,8.46188808113419e-12,significant
sensor_155,1.3319994121644438,0.28696893481068586,1.2970284294825366e-17,significant
sensor_548,1.197985292204768,0.4902250016994086,5.063616315773461e-52,significant
sensor_569,1.0912957444095681,0.2197063421929168,2.141186184350236e-10,significant
sensor_27,1.0621528126028545,0.35953708109577864,1.3716682760775166e-27,significant
sensor_563,1.0426331707711893,0.4187444769220311,1.8357590655370502e-37,significant
sensor_319,1.042253690121797,0.24357963428726803,9.35215202512526e-13,significant
sensor_440,1.036855527962865,0.3625382366936306,4.450971315280388e-28,significant
sensor_544,1.0059318817911438,0.45275983957582755,5.400441398973022e-44,significant
sensor_555,0.983408454019849,0.3901638229895996,1.5510935505157233e-32,significant
sensor_564,0.9718616777600166,0.19523485826932224,2.7223108400866177e-08,significant
sensor_405,0.9532289373679109,0.29626809870165194,1.136293898808825e-18,significant
sensor_552,0.9471379249214551,0.3740432329549317,8.983720517539066e-30,significant
sensor_22,0.9222626423115836,0.331829923186731,1.7108579327020779e-23,significant
sensor_126,0.916626612590012,0.26766705186595063,2.7748662506815592e-15,significant
sensor_566,0.9125478505546002,0.18884168309428317,8.781379323427737e-08,significant
sensor_103,0.8979769583587808,0.3858779144857589,8.990109851829384e-32,significant
sensor_304,0.896090502213161,0.35834749507171504,2.002181935987163e-27,significant
sensor_571,0.8941214597083846,0.26865950649174086,2.1993053933520955e-15,significant
sensor_549,0.8889002912230078,0.3666032220787166,1.3811947452126362e-28,significant
sensor_546,0.8846553557827179,0.34539800149547956,2.2444394027878413e-25,significant
sensor_539,0.8801797305235293,0.33139147576643335,2.418889324102119e-23,significant
sensor_567,0.880147582532633,0.23561620556046498,6.646920803709141e-12,significant
sensor_550,0.8790757418598845,0.35395622323431447,1.0545017268675068e-26,significant
sensor_26,0.8734759772633583,0.3403847461083543,1.0258165922642765e-24,significant
sensor_169,0.8670785948933045,0.36790836788797504,6.376037557350414e-29,significant
sensor_568,0.8521024778021428,0.19947318333220038,1.231035501409376e-08,significant
sensor_553,0.833372813866757,0.36247365916661,5.1373586301315965e-28,significant
sensor_318,0.8317377251512158,0.320770171980151,7.225655330901817e-22,significant
sensor_24,0.8285231632214198,0.2891203861056352,7.054129315642455e-18,significant
sensor_565,0.8179794868611705,0.25901706206240227,2.5309932771557918e-14,significant
sensor_3,0.8134862059706962,0.3174257358439264,1.9557910080906226e-21,significant
sensor_247,0.8074886463213216,0.29779076881245325,6.142134849060424e-19,significant
sensor_547,0.8012257782624962,0.32507987220447276,1.8806648079236764e-22,significant
sensor_37,0.7972269635578477,0.1889368499762083,8.257804561775974e-08,significant
sensor_297,0.791597471089064,0.3063218000135953,5.0017655694105043e-20,significant
sensor_6,0.7908495005497509,0.3046767724831758,9.429739133229483e-20,significant
sensor_19,0.774892445083595,0.2623139147576644,1.110621923693557e-14,significant
sensor_480,0.7714279072576062,0.30620963904561216,5.002569178441705e-20,significant
sensor_11,0.7704888826842613,0.3741587927401264,7.780770614236079e-30,significant
sensor_67,0.7687603616947216,0.3485826932227585,7.691334791582738e-26,significant
sensor_183,0.7638004961209894,0.24249541159676424,1.1999583287779874e-12,significant
sensor_406,0.7578457557616287,0.22755421113452512,3.491897716678352e-11,significant
sensor_556,0.7481287114914533,0.35708313506899597,4.0944890907766284e-27,significant
sensor_162,0.7418843470491644,0.3052443749575148,6.871766860337515e-20,significant
sensor_21,0.7363559721217846,0.30101624634627155,2.4194382376835334e-19,significant
sensor_31,0.7291083152354452,0.29464346407450204,1.5428534412200126e-18,significant
sensor_455,0.7257346398540998,0.25629121065869076,4.297996788976505e-14,significant
sensor_428,0.722182295613672,0.2965535993474271,8.4980046185509945e-19,significant
sensor_485,0.7020213799278919,0.25147848548705043,1.5823063870491866e-13,significant
sensor_433,0.6992685885751313,0.243379104071783,9.39512295712441e-13,significant
sensor_64,0.6736224334959795,0.2264122085514241,4.406372562944063e-11,significant
sensor_71,0.6704211854318838,0.315814696485623,2.7191457090432235e-21,significant
sensor_43,0.6640207320290363,0.2783563319964652,1.5634900410217305e-16,significant
sensor_119,0.6603327961030205,0.21634491197063432,4.2260562521653883e-10,significant
sensor_467,0.6566184649261446,0.14940860580517978,4.994252313091696e-05,significant
sensor_392,0.6549007610465564,0.24449731493440274,7.282604747365157e-13,significant
sensor_551,0.647344151807312,0.2388926653524573,3.142839086146427e-12,significant
sensor_62,0.6390758387987918,0.19670994493916122,1.8667822314840706e-08,significant
sensor_112,0.634077645237299,0.22856705866358507,2.7650899892976295e-11,significant
sensor_56,0.6242450354493793,0.210413975936374,1.258122635480465e-09,significant
sensor_557,0.6176447894053437,0.21972673509618645,2.1217765008360615e-10,significant
sensor_540,0.5923366425749113,0.20306573312487242,5.497112489974141e-09,significant
sensor_210,0.5891906085213394,0.22219087757460398,1.1030894697828275e-10,significant
sensor_477,0.5880499462580017,0.2593739378696214,1.9410289328289818e-14,significant
sensor_58,0.5851560538874375,0.22709537081095776,4.399545470351593e-11,significant
sensor_28,0.5849315015008374,0.3303344436136225,3.415808802121725e-23,significant
sensor_133,0.5845776624425162,0.20904425260009513,1.906890285293267e-09,significant
sensor_116,0.5833974807650337,0.2717150431649785,9.596748526885967e-16,significant
sensor_441,0.5824760433853485,0.17856365984637335,4.802462560122231e-07,significant
sensor_341,0.581514408690736,0.2507205492488613,1.7301080636867573e-13,significant
sensor_65,0.5808237669424758,0.15176738495003744,3.3277996027707116e-05,significant
sensor_72,0.570338547070131,0.20951328937529742,1.5551165537014172e-09,significant
sensor_131,0.5617544324188705,0.20821834001767386,1.9637832834269586e-09,significant
sensor_510,0.551804788556775,0.2976888042961049,6.144152466044947e-19,significant
sensor_420,0.5495317030214996,0.2657229284209094,3.846921580941953e-15,significant
sensor_348,0.5396066404829422,0.25394602678267963,7.621742942212546e-14,significant
sensor_16,0.5379277878808357,0.27331248725443547,5.473149111293303e-16,significant
sensor_254,0.5356569952774553,0.2136530487390388,6.555262658554435e-10,significant
sensor_147,0.5338563385572315,0.26143701991706886,1.1517332856281998e-14,significant
sensor_82,0.5337657037141937,0.2603901842158929,1.4960602163037896e-14,significant
sensor_560,0.5336946358387736,0.11989327713955544,0.0020442885105863705,significant
sensor_282,0.5329099937136057,0.2710454761742913,9.637653642355373e-16,significant
sensor_526,0.5308044417575826,0.21047175582897149,1.255248048113462e-09,significant
sensor_205,0.5235666205377049,0.2508293113996328,1.588928242440589e-13,significant
sensor_44,0.5207747846736676,0.19989803548365168,1.0180879427203656e-08,significant
sensor_17,0.5192548844538407,0.30398681258921895,9.722939719874158e-20,significant
sensor_340,0.509156620495463,0.22424716198762829,7.000923803381765e-11,significant
sensor_577,0.5076990986466147,0.11994765821494122,0.0020219931982710638,significant
sensor_487,0.5052829123723132,0.24956835021412554,2.5246992032859633e-13,significant
sensor_35,0.5042108239904384,0.24513629257018565,7.280409256161577e-13,significant
sensor_195,0.5018641792091321,0.17919244103052145,4.782451867515596e-07,significant
sensor_170,0.4925484135965344,0.1721534905852763,1.4008312301746031e-06,significant
sensor_295,0.48648114776318085,0.30718849840255585,3.71803042899422e-20,significant
sensor_562,0.48058448178208457,0.1598055876554959,1.0567225008290399e-05,significant
sensor_60,0.4682243348945185,0.2113996329277411,1.0385497636933367e-09,significant
sensor_33,0.45643571620160184,0.14670994493916123,6.814722623588737e-05,significant
sensor_454,0.45237814423464595,0.20374889538440633,5.3910857029497394e-09,significant
sensor_182,0.4507372162936958,0.21331656583508946,8.041062704096223e-10,significant
sensor_153,0.4431429275803598,0.2328461695330024,1.074719118777323e-11,significant
sensor_45,0.44280773415927216,0.24455509482700022,7.280554372182883e-13,significant
sensor_160,0.4423900399342775,0.3018625518319625,1.8164610409523912e-19,significant
sensor_288,0.4305050794175872,0.23603765889470452,5.228131235539221e-12,significant
sensor_524,0.4295776906238742,0.16963836584868464,2.332906898951668e-06,significant
sensor_586,0.4286299580201187,0.18171096458432467,2.774193762092929e-07,significant
sensor_252,0.42756581124591536,0.1600537013119434,1.04650310840315e-05,significant
sensor_121,0.42734335071094975,0.15910543130990407,1.175125283738544e-05,significant
sensor_426,0.4254817382320413,0.2371014886819386,4.102489668074894e-12,significant
sensor_41,0.421768522955353,0.1379783835225341,0.0002213013224926521,significant
sensor_204,0.41923749746803407,0.19882061042757115,1.2474938688101332e-08,significant
sensor_335,0.41607630916348737,0.21950241316022023,2.169994627036008e-10,significant
sensor_274,0.4153586848637366,0.24867106247026036,2.6787753410568537e-13,significant
sensor_123,0.4090844540521606,0.20912582421317377,1.8237004729833775e-09,significant
sensor_416,0.4054716481858024,0.21225273604785527,9.981905768813239e-10,significant
sensor_187,0.4004169762724075,0.1339745768472571,0.0003756907258960523,significant
sensor_431,0.39537440910372634,0.27631704166949894,2.4042252608605055e-16,significant
sensor_278,0.3884815379346603,0.21555298756032892,4.789480215568407e-10,significant
sensor_310,0.3875042805988351,0.25594793012031813,5.3796197428525474e-14,significant
sensor_70,0.38737324099602266,0.15740602270409898,1.4575254908502286e-05,significant
sensor_554,0.3866783639555303,0.26649445992794507,3.825916856830779e-15,significant
sensor_448,0.38044624811369815,0.1667561688532391,3.342541376965826e-06,significant
sensor_177,0.3757202818455788,0.1667561688532391,3.342541376965826e-06,significant
sensor_312,0.3631114204037041,0.18798178233974583,9.213003845010068e-08,significant
sensor_77,0.3604454089769659,0.18356671878186387,2.2010397300302116e-07,significant
sensor_425,0.35793803219434156,0.1955271565495208,2.2842217467698688e-08,significant
sensor_476,0.35792472638841516,0.1732886955339541,1.1744439736388876e-06,significant
sensor_38,0.34924878349272886,0.19176806471347968,5.015355226551052e-08,significant
sensor_134,0.3323209102650872,0.1314424580246074,0.0005321038488547779,significant
sensor_323,0.3309464211574585,0.14354904493236353,0.00010596539691538544,significant
sensor_346,0.33019433436492257,0.198847800965264,1.2474897092344273e-08,significant
sensor_95,0.32893691925097895,0.13608864115287878,0.00028574890053910504,significant
sensor_89,0.3259850045731659,0.1483447760179457,5.803309968851972e-05,significant
sensor_280,0.3237339881825255,0.17744544898375364,5.765934663761574e-07,significant
sensor_430,0.32362495374025513,0.12190197811161724,0.0016602671892448672,significant
sensor_336,0.3222299417228767,0.1382604853510978,0.00021639666710822195,significant
sensor_459,0.31977825949356,0.12865882672829854,0.0007306481285430743,significant
sensor_281,0.3159236022573511,0.24847732988919852,3.3297452907342677e-13,significant
sensor_51,0.31473960538991713,0.11053973217320374,0.005729088376107827,significant
sensor_294,0.3129967944209113,0.11377540615865678,0.004074502437663712,significant
sensor_558,0.3113027030828522,0.23136768404595198,1.7240901123130926e-11,significant
sensor_484,0.31090179935368917,0.18153082727210929,2.97388346623229e-07,significant
sensor_446,0.3106069779103143,0.19923186731017617,1.2474894832232011e-08,significant
sensor_73,0.30823337801017614,0.19457548773026978,2.7811351008079347e-08,significant
sensor_39,0.30787428222752156,0.22113384542179315,1.383715225933569e-10,significant
sensor_390,0.3074200927406702,0.1547957310855823,2.2725568214050593e-05,significant
sensor_32,0.3046257191915517,0.16541363605465292,4.552412854817566e-06,significant
sensor_154,0.298606344660022,0.1249847053225478,0.0011853639605686017,significant
sensor_287,0.2939488131933658,0.20936034260077485,1.557589448087458e-09,significant
sensor_438,0.2929079276848251,0.23796478825368772,3.4289750237810627e-12,significant
sensor_311,0.28949432810312054,0.1322785670586636,0.0004910197479663361,significant
sensor_159,0.2879421361868488,0.11484263476310241,0.00362920306727824,significant
sensor_125,0.2871397694075204,0.240911562776154,1.9683131623851357e-12,significant
sensor_152,0.28545905160359725,0.2101828563659846,1.4825202886667007e-09,significant
sensor_202,0.2808952949972488,0.24313778804975872,1.1814828733247516e-12,significant
sensor_180,0.2789685993247748,0.16417306777241525,5.481866843539394e-06,significant
sensor_143,0.27812129573431094,0.2069641764665896,2.8506262205005946e-09,significant
sensor_269,0.275126301271258,0.1242301679015703,0.0012272157931970367,significant
sensor_316,0.2746509459038358,0.14705322547753386,6.814661131250841e-05,significant
sensor_138,0.27152334384311744,0.12095370810957784,0.001810779406385763,significant
sensor_128,0.2711216642816852,0.19083678879749844,6.090000267179282e-08,significant
sensor_208,0.2678829923734338,0.20498606484943233,3.790778169044741e-09,significant
sensor_12,0.266005528942017,0.09514309020460876,0.026655586037599134,significant
sensor_175,0.2652585648093939,0.21103595948609888,1.255071417175342e-09,significant
sensor_344,0.26308769317955666,0.20377948473931068,5.30205971938977e-09,significant
sensor_452,0.26296163510190707,0.1652165046563796,4.639846735139986e-06,significant
sensor_338,0.26264423906951323,0.22730609747807762,3.779639000299894e-11,significant
sensor_54,0.26253561337335557,0.1073448439942899,0.00797751550498786,significant
sensor_589,0.260809276947626,0.18567058663585073,1.5359797136929374e-07,significant
sensor_439,0.25808494306083557,0.20603290055060836,3.118485535772942e-09,significant
sensor_199,0.2577269316604305,0.1822377812521243,2.770722437047735e-07,significant
sensor_427,0.25666972502505786,0.1175990755217185,0.0027354172333165306,significant
sensor_472,0.256630936614269,0.14138059955135612,0.00014145747175971067,significant
sensor_66,0.2559340309390339,0.12226225273604786,0.0015661986181927318,significant
sensor_352,0.25373699237268993,0.16644687648698253,3.88279743474132e-06,significant
sensor_145,0.25363804599066464,0.12212969886479505,0.0015714472228571283,significant
sensor_302,0.25359749551541333,0.20191693290734827,6.767815766644085e-09,significant
sensor_105,0.25280729669935187,0.21119910271225611,1.232741089951321e-09,significant
sensor_444,0.2525560884531979,0.22397185779348794,8.645902392294122e-11,significant
sensor_411,0.2521083001284014,0.12198354972469572,0.0016160086032166365,significant
sensor_213,0.2515214444123224,0.21032220787166067,1.2990461303485194e-09,significant
sensor_351,0.25121759831326906,0.2124328733600706,8.551037486833524e-10,significant
sensor_167,0.2504475828970305,0.2039664196859493,4.547222865412255e-09,significant
sensor_471,0.25029720092424784,0.17370675005098235,1.1744321720042914e-06,significant
sensor_173,0.24762235583327602,0.22505268166678005,6.822599835530801e-11,moderate
sensor_270,0.24706848138469023,0.12209910950989045,0.0015763297647337022,moderate
sensor_87,0.24541933827231435,0.07306097478077633,0.1523049017485023,moderate
sensor_559,0.2429831980655169,0.11379240024471483,0.004074497498698658,moderate
sensor_176,0.24257170616284132,0.11733056896200122,0.0028678819163145846,moderate
sensor_63,0.2413220864703139,0.11699408605805184,0.0028699814295830716,moderate
sensor_407,0.2402141683898934,0.08421589286928155,0.06724552412338679,moderate
sensor_221,0.23994620838485725,0.0870776969614574,0.05194907709886288,moderate
sensor_275,0.2383362505380732,0.13343076609339943,0.00042535006105963555,moderate
sensor_47,0.2323107523297141,0.12520562844130245,0.0011000734635675524,moderate
sensor_214,0.23019812054808875,0.1355176398613282,0.0003262809783157202,moderate
sensor_301,0.22861469048039387,0.1727924682210592,1.395470362977337e-06,moderate
sensor_8,0.2273963093891961,0.18663924954115962,1.3068157469866697e-07,moderate
sensor_46,0.2264061185300651,0.12855006457752705,0.0007313916388612633,moderate
sensor_14,0.22587036251871828,0.12740126436000265,0.0008390640428229823,moderate
sensor_561,0.22290973954088386,0.12123920875535314,0.0017716952048800862,moderate
sensor_7,0.22198514318705068,0.07250356875807218,0.16062892040798896,moderate
sensor_215,0.21812192698528082,0.20159404527224523,8.212385873933277e-09,moderate
sensor_92,0.21706232054557223,0.20384406226633128,5.020667535388131e-09,moderate
sensor_308,0.2147604296586086,0.21002990959146217,1.5544407985258189e-09,moderate
sensor_303,0.21236603208356425,0.1774182584460608,5.781882354474989e-07,moderate
sensor_474,0.2115806550079135,0.21548161239888525,5.107784882434898e-10,moderate
sensor_168,0.21086080014456954,0.18486506695669908,1.5902976929890363e-07,moderate
sensor_337,0.21049937725964463,0.2112942695941813,1.14439492686243e-09,moderate
sensor_171,0.21007585318033528,0.1760043504860309,8.198137587829093e-07,moderate
sensor_61,0.20977616231217766,0.1105295357215689,0.005729420683581285,moderate
sensor_332,0.20942057237038517,0.21023383862415884,1.4125291568779183e-09,moderate
sensor_139,0.20841315068196242,0.19432397525661077,2.9472240241573394e-08,moderate
sensor_588,0.20804754719973492,0.11860852423356666,0.002468734230879357,moderate
sensor_283,0.20751604122067435,0.11327238121133854,0.004444333929516305,moderate
sensor_68,0.20370143293221785,0.16048535109781797,8.984605595281837e-06,moderate
sensor_279,0.2025249708000802,0.15358915097546066,2.7328447192197017e-05,moderate
sensor_148,0.2016322708987623,0.10805519679151654,0.007550877870810998,moderate
sensor_408,0.2005324654120414,0.11889742369655362,0.002277861052215369,moderate
sensor_417,0.1986528089531961,0.2037081095778669,5.460207065985285e-09,moderate
sensor_493,0.19819244509291903,0.09760723268302629,0.020539976569128152,moderate
sensor_50,0.1980564033166336,0.09860648494323976,0.018789075395275426,moderate
sensor_86,0.19692837657873477,0.11430562164366809,0.003992027495550242,moderate
sensor_442,0.19465368197604968,0.1962613010672286,2.2603696052579538e-08,moderate
sensor_447,0.1942722642407268,0.11733056896200122,0.0028678819163145846,moderate
sensor_57,0.19307046557490445,0.14523825708653382,8.803019377050312e-05,moderate
sensor_421,0.19005512686815434,0.1100944871184828,0.0062055328418445035,moderate
sensor_146,0.18659679012974667,0.18786282373733942,1.0077751955913241e-07,moderate
sensor_368,0.1862877418637921,0.10943851539664196,0.006406965524461295,moderate
sensor_573,0.1862724961711496,0.10179797430494186,0.01385110765897686,moderate
sensor_196,0.1861357833284212,0.21653864455169602,4.1182882207444147e-10,moderate
sensor_2,0.18605823726115178,0.15145809258378085,3.720276848850127e-05,moderate
sensor_201,0.18586981385703547,0.21866290530895255,2.651352158022788e-10,moderate
sensor_587,0.18437141894203313,0.15414315818095303,2.3417881462564787e-05,moderate
sensor_412,0.1832251527203711,0.1687240840187615,2.57480583090006e-06,moderate
sensor_353,0.18291537934669616,0.1867378152402963,1.26999257446972e-07,moderate
sensor_307,0.18219659856720652,0.09537420977499833,0.025436100496647688,moderate
sensor_309,0.18219659856720652,0.09537420977499833,0.025436100496647688,moderate
sensor_135,0.18122188411221202,0.0986880565563184,0.018551432075610226,moderate
sensor_359,0.17773526412308563,0.08052477737747266,0.08805870235979783,moderate
sensor_366,0.1749623941668826,0.17950513221398956,4.056371190636482e-07,moderate
sensor_166,0.17187963654856242,0.14076881245326633,0.0001630940783356351,moderate
sensor_289,0.1683770358902845,0.11749031337094695,0.0028178932733403813,moderate
sensor_355,0.16650319543623102,0.15067636462511047,3.930741259209053e-05,moderate
sensor_217,0.16555736454441974,0.15398001495479574,2.3680552325034196e-05,moderate
sensor_104,0.1636835586749484,0.08817891373801919,0.047468929190877016,moderate
sensor_361,0.1618143577057004,0.17807762898511315,5.750922038009692e-07,moderate
sensor_18,0.16019671325187398,0.10578138807694926,0.009704332215308484,moderate
sensor_83,0.16009050539352293,0.170770171980151,1.9191388850599194e-06,moderate
sensor_491,0.15779859682142994,0.10769492216708582,0.007975537239448082,moderate
sensor_142,0.1564162116760841,0.08473591190265795,0.06337510388584991,moderate
sensor_75,0.1562894974545329,0.11353409013663246,0.004138129696736847,moderate
sensor_144,0.15465926159549853,0.1653898443341718,4.5839723719348985e-06,moderate
sensor_345,0.1537680026297592,0.10623682958330499,0.00889506307158774,moderate
sensor_99,0.15358667841405485,0.09142478417510702,0.03610702142783451,moderate
sensor_415,0.1501860599746344,0.0837978383522534,0.0678668337163889,moderate
sensor_198,0.1493699546828049,0.12605193392699343,0.0010436213222633562,moderate
sensor_102,0.1471568633400102,0.09250560804839913,0.032895085631726814,moderate
sensor_343,0.14579798926573972,0.1324179185643397,0.00048048797526120413,moderate
sensor_203,0.14455214780085132,0.07857045748079672,0.10177467161814299,moderate
sensor_305,0.14324097344049916,0.16552239820542453,4.304219413656564e-06,moderate
sensor_29,0.1427161346507694,0.13280198490925155,0.0004305217841012326,moderate
sensor_576,0.1391984612269613,0.09511589966691592,0.0267741962762242,moderate
sensor_140,0.13861266956377563,0.11949901434300864,0.0022549280056994654,moderate
sensor_277,0.13639477313246878,0.07718034124124806,0.11435476164218884,moderate
sensor_15,0.13454057483854412,0.11625314390592073,0.003227513858267275,moderate
sensor_10,0.13406498950897316,0.14540819794711435,8.137424177564985e-05,moderate
sensor_120,0.133047346985155,0.12720073414451766,0.0008919828704159454,moderate
sensor_20,0.13252689060978223,0.15690299775678063,1.672165156564276e-05,moderate
sensor_184,0.13062705422034276,0.1111447216368705,0.005570346589099575,moderate
sensor_76,0.1298388663555748,0.08182992318673099,0.07957009947073593,moderate
sensor_470,0.12938945822274298,0.11544762422676913,0.0034848248412497787,moderate
sensor_219,0.12600239676598962,0.09283529331792537,0.03283971770388104,moderate
sensor_228,0.12142673561272449,0.16671198422948807,3.3862555495227096e-06,moderate
sensor_251,0.12096650669974798,0.12385629800829323,0.0013646403832376739,moderate
sensor_107,0.12034146292300131,0.08181632791788458,0.07958486058363952,moderate
sensor_207,0.11936483435972538,0.09440214805247776,0.027568691020112272,moderate
sensor_96,0.11912934293313023,0.06570253551763988,0.24703566323679188,moderate
sensor_473,0.11784008261131218,0.15912922303038546,1.1592115458102028e-05,moderate
sensor_223,0.11707028389247534,0.1324077221127048,0.00048183162329847046,moderate
sensor_271,0.11671569514589772,0.12533818231255528,0.0010771591304912732,moderate
sensor_136,0.11669063094459217,0.11789137380191694,0.002554087425067978,moderate
sensor_81,0.1165996300442579,0.1354598599687309,0.00032751246841000123,moderate
sensor_479,0.11580656588062681,0.09120725987356398,0.036593356436847455,moderate
sensor_475,0.11517437996460661,0.07430494188022568,0.13891478743437952,moderate
sensor_164,0.11443588810312495,0.10579498334579573,0.009678339827130764,moderate
sensor_106,0.11294893131708164,0.06713343756372792,0.22849982690857282,moderate
sensor_334,0.11237094114399747,0.13249269254299506,0.0004683083884878843,moderate
sensor_389,0.11186005106405177,0.1409353544966352,0.00015943782781116387,moderate
sensor_299,0.11094996759479706,0.11215756916593023,0.005034325125083537,moderate
sensor_435,0.11048472179625544,0.08543946706546135,0.06135646231350263,moderate
sensor_574,0.11018502326035695,0.10252872000543811,0.013419385758452038,moderate
sensor_495,0.10951167480612871,0.1419617972945415,0.0001396274863510289,moderate
sensor_572,0.10760730755164717,0.08872952212630014,0.046647191623438874,moderate
sensor_523,0.10722174020876438,0.13454897695601942,0.0003668758672315077,moderate
sensor_409,0.10716695227390702,0.11257222486574675,0.004581472242852918,moderate
sensor_93,0.10463123442129614,0.06606960777649377,0.24436139818394878,moderate
sensor_520,0.10124161384719749,0.10032288763510297,0.016582694991006234,moderate
sensor_541,0.10105239841865164,0.08857657535177765,0.04734486401890071,moderate
sensor_172,0.10088276780333588,0.07864523145945201,0.1015547093761731,moderate
sensor_174,0.10088276780333588,0.07864523145945201,0.1015547093761731,moderate
sensor_437,0.09898554094128445,0.0981374481680376,0.02030352580372799,stable
sensor_9,0.09836772722002897,0.14084018761471018,0.00016248476572973197,stable
sensor_30,0.09672723324051269,0.09836856773842695,0.019780264984966982,stable
sensor_320,0.09600090520432761,0.10802120861940046,0.007621187725035088,stable
sensor_413,0.09568473482775652,0.13595948609883757,0.0002865354861617517,stable
sensor_333,0.094287466541815,0.08892665352457346,0.04507951850233592,stable
sensor_113,0.09266440366449924,0.14099313438923256,0.0001560947052277524,stable
sensor_298,0.0919915851338298,0.12386309564271636,0.0013628198482965302,stable
sensor_457,0.08989761624063596,0.09666236149819862,0.022446066375232325,stable
sensor_575,0.0898595013012382,0.10939433077289096,0.006416605423756479,stable
sensor_443,0.08957465293239544,0.07970906124668609,0.09372185890139662,stable
sensor_321,0.08938391260975671,0.09130582557270062,0.03622260403728342,stable
sensor_488,0.08776040849064001,0.10347699000747737,0.012205768616086585,stable
sensor_118,0.08739286074105294,0.12484535381687173,0.0012159448579494082,stable
sensor_469,0.0848874858927869,0.10810617904969072,0.007446883990318066,stable
sensor_445,0.08484853190676568,0.07439670994493908,0.13849117082043633,stable
sensor_185,0.08437932257649192,0.09663517096050578,0.02247255124272639,stable
sensor_117,0.08391474002011462,0.08247569845693692,0.07668742779154114,stable
sensor_248,0.08320322042951034,0.0918768268642512,0.03573169645154422,stable
sensor_494,0.080757038322067,0.08136088641152878,0.08394883733987665,stable
sensor_388,0.08006200787568642,0.04436476106315007,0.7218265774188198,stable
sensor_197,0.08001778661204685,0.1102508327102169,0.005943353216532739,stable
sensor_365,0.07991586259994034,0.11661681734756302,0.0029995707239154016,stable
sensor_525,0.0797883111866075,0.12952212630004759,0.0006472054297335412,stable
sensor_253,0.07893680999588534,0.13047719393651008,0.0005842600141840001,stable
sensor_239,0.07747180522508026,0.07700020392903267,0.1170821354460793,stable
sensor_585,0.07678485118318101,0.10593773366868331,0.009346729882411049,stable
sensor_391,0.07639669759499158,0.11979471144041876,0.0021048379920802665,stable
sensor_163,0.07627261386899284,0.09729454149955818,0.0218698110212142,stable
sensor_216,0.07613372589921547,0.10486030861260281,0.010433482134273399,stable
sensor_582,0.07351022051883789,0.08879070083610907,0.04620285014660489,stable
sensor_272,0.07165306038849023,0.06019305281761944,0.34502979856510035,stable
sensor_357,0.07050588972991015,0.045850044184623746,0.6865294972495299,stable
sensor_1,0.0690148451256115,0.048874991502956974,0.6045905090951216,stable
sensor_200,0.06879627099775976,0.08927673169736931,0.04336492101707701,stable
sensor_212,0.06663605078225832,0.07514444973149337,0.13176648880899652,stable
sensor_273,0.06656854035097158,0.09640405139011621,0.023243138772041788,stable
sensor_583,0.06513511464402601,0.09530623343076605,0.02579572183663574,stable
sensor_91,0.06477785827036849,0.07397865542791116,0.14399102797183577,stable
sensor_317,0.06474233459694578,0.0626300047583441,0.297603107958335,stable
sensor_386,0.06415374244115367,0.08859696825504723,0.047293889531266585,stable
sensor_584,0.06276483338199722,0.08352253415811295,0.07071818655565142,stable
sensor_98,0.06274697975805255,0.09633607504588404,0.023588065297335918,stable
sensor_456,0.06181054210330243,0.10155325946570593,0.014647906003074364,stable
sensor_222,0.060556743754440895,0.07604513629257015,0.12475785003366725,stable
sensor_354,0.05972274943648935,0.0814662497450887,0.08259752626086495,stable
sensor_23,0.059503162244642006,0.06217796206920001,0.3091767592176646,stable
sensor_453,0.056823431814398744,0.06802732649038135,0.2134545951133028,stable
sensor_48,0.05566193646130259,0.09447352321392155,0.027346176658342422,stable
sensor_84,0.054075302416632415,0.059958534430018307,0.3518633440107847,stable
sensor_0,0.05405665151074167,0.0952314594521107,0.02620778040223923,stable
sensor_324,0.053668264542746306,0.09945279042893074,0.017831113433516118,stable
sensor_291,0.053643733990994216,0.08127931479845019,0.08491001587344384,stable
sensor_88,0.05314915274074375,0.08594928964720272,0.056979039658610356,stable
sensor_410,0.05299406079750977,0.05313031065189315,0.49809644691595956,stable
sensor_350,0.052857626672657476,0.07954251920331723,0.09459144211070133,stable
sensor_496,0.05244274504030037,0.05143430086329959,0.5436518375497152,stable
sensor_377,0.052433574376642186,0.06623954863707429,0.24304010168342477,stable
sensor_108,0.05070442479997078,0.05178437903609545,0.5319692459216947,stable
sensor_434,0.04867662066497059,0.08228196587587516,0.07876947522223002,stable
sensor_156,0.04731540892505624,0.06409149615933651,0.2772790413273285,stable
sensor_376,0.04725244341788162,0.06440078852559306,0.26992381743237737,stable
sensor_161,0.046994010197740584,0.049830059139419486,0.5799373427883744,stable
sensor_188,0.04623974170243995,0.09092175922778878,0.03853354048365418,stable
sensor_296,0.045997686039038456,0.049833457956631105,0.5798350859013115,stable
sensor_137,0.04590794390275583,0.04995921419346068,0.5771606055612176,stable
sensor_429,0.045683840765139365,0.05558085786146416,0.4454685516657273,stable
sensor_300,0.04507195680544912,0.09293046019985052,0.032599378988413384,stable
sensor_419,0.04475371970033003,0.06949221670858552,0.19721005464835603,stable
sensor_436,0.04412931664661346,0.06530827272109302,0.25676351799479535,stable
sensor_490,0.043458552826953545,0.07478757392427438,0.13752758361972134,stable
sensor_424,0.04298945326547085,0.0715179117667053,0.1723667834099874,stable
sensor_150,0.04296367189534021,0.07942356060091083,0.09599710457289447,stable
sensor_339,0.0428462682890746,0.07429474542859085,0.139002629483403,stable
sensor_227,0.04254911161894584,0.08680919040174018,0.05375268107786665,stable
sensor_285,0.0425324392803153,0.0815478213581673,0.08157435236402724,stable
sensor_486,0.04218786386000912,0.04610155665828286,0.679861056746632,stable
sensor_211,0.042106994771266705,0.05572020936714023,0.4414012314876651,stable
sensor_360,0.042089352846422956,0.0563761810889809,0.4239712595830393,stable
sensor_181,0.04160002371927852,0.06376520970702196,0.27858471867091805,stable
sensor_367,0.0415523425496561,0.045734484399429,0.6866886905897697,stable
sensor_238,0.04139184121484588,0.07185099585344301,0.1668381569351954,stable
sensor_218,0.04082523862845624,0.05162803344436134,0.5372100161191921,stable
sensor_349,0.040279500800193144,0.04855550268506559,0.6141716782696656,stable
sensor_489,0.03894731431768509,0.077887295221263,0.10978274623029254,stable
sensor_100,0.03692092388830354,0.06745292638161926,0.22438934403731783,stable
sensor_115,0.035716876389023294,0.05159744408945682,0.5382355688952459,stable
sensor_101,0.03315332285723016,0.05788525593093602,0.3937161584095992,stable
sensor_432,0.03291758750093353,0.0743729182244579,0.1385401995211266,stable
sensor_165,0.03258015749209192,0.08127591598123851,0.0849469039116415,stable
sensor_423,0.031107086954010994,0.04661477805723602,0.663116762869699,stable
sensor_363,0.030783525664061777,0.046652165046563776,0.6619557030428758,stable
sensor_362,0.030347628024006344,0.05572020936714028,0.4414012314876651,stable
sensor_497,0.028955678262587797,0.04235945890829984,0.7712757974831661,stable
sensor_151,0.028932590356034005,0.06314662497450885,0.2928483986366364,stable
sensor_460,0.028630376886381648,0.04438515396641968,0.7211834852751245,stable
sensor_224,0.028345568634980237,0.057990619264495946,0.39048245065476067,stable
sensor_483,0.027147327596986636,0.062456665080551976,0.30145232247706355,stable
sensor_286,0.025792712005979428,0.07407382230983622,0.14224073395929765,stable
sensor_418,0.02569404488269972,0.08162259533682276,0.08073854933035705,stable
sensor_90,0.0255799152654296,0.0635850723948066,0.2813178433551254,stable
sensor_356,0.025309803297961543,0.05978519475222621,0.3559100207770322,stable
sensor_225,0.025109157240301556,0.050887091292230235,0.5531610131845293,stable
sensor_250,0.023730995316008165,0.03877030793283942,0.8549658464418245,stable
sensor_94,0.016771614338794556,0.04871184827679964,0.6089707770367683,stable
sensor_482,0.0162639022219291,0.0597987900210728,0.35568246092439226,stable
sensor_500,0.014721346880873966,0.07180001359526889,0.1678673617587376,stable
sensor_511,0.014088158825562563,0.06233090884372239,0.30490041192393885,stable
sensor_522,0.013130898668053694,0.03573176534565975,0.9116293603815122,stable
sensor_499,0.008410143923560378,0.04294405546869695,0.7594956481704788,stable
sensor_387,0.0,0.004248521514512826,1.0,stable
sensor_114,0.0,0.0032084834477602575,1.0,stable
sensor_249,0.0,0.005312351301746898,1.0,stable
sensor_521,0.0,0.004272313234994329,1.0,stable
