wafer_id,decision,reason,combined_rank,baseline_rank,anomaly_rank,true_label,baseline_prob,mahalanobis,isolation_forest,lof,ocsvm,autoencoder,tree_disagreement
0,escalate,both baseline and anomaly score in top 5%,1.0,1.0,1.0,0,0.25312723095617834,367962781.7375584,0.6368251345549137,695.975361824245,4.199204027922666,562514.125,0.3936869828449458
1,escalate,both baseline and anomaly score in top 5%,1.0,1.0,1.0,1,0.2600637388926862,381283557.990729,0.6480361881612098,726.6750288425349,4.199204027922666,585856.6875,0.39640899298652
2,escalate,both baseline and anomaly score in top 5%,0.9984025559105432,0.9968051118210862,1.0,0,0.24255580238474972,146752726.5522872,0.6394238214664483,412.8140013301813,4.199204027922666,194868.1875,0.3875425538138848
3,escalate,both baseline and anomaly score in top 5%,1.0,1.0,1.0,0,0.2914284141784141,217166673.81242537,0.6312199699022705,574.8380974371216,4.199204027922666,371442.4375,0.4118907759335381
4,escalate,both baseline and anomaly score in top 5%,0.9968051118210863,0.9936102236421726,1.0,0,0.22526479709374433,62857404.288063,0.6362658156763128,273.0051339877796,4.199204027922666,93208.6875,0.38185454793293655
5,escalate,both baseline and anomaly score in top 5%,0.9776357827476039,0.9552715654952076,1.0,0,0.207305315055315,530863376.50564617,0.6406282559182312,816.2896879519917,4.199204027922666,709558.9375,0.3730063116190138
6,escalate,both baseline and anomaly score in top 5%,1.0,1.0,1.0,0,0.2771457494746969,326401090.9464783,0.6229229961771168,639.8875647493621,4.199204027922666,482587.75,0.40646573832447674
7,escalate,both baseline and anomaly score in top 5%,0.9904153354632588,0.9808306709265175,1.0,0,0.21662542087542078,586065556.0564497,0.6534838374124511,862.2096034241134,4.199204027922666,799569.5625,0.37908769864740327
8,escalate,both baseline and anomaly score in top 5%,0.9968051118210863,0.9936102236421726,1.0,0,0.2256677489177488,394168620.2826035,0.6498626289371627,712.4889938192705,4.199204027922666,549512.8125,0.37863254883950026
9,escalate,both baseline and anomaly score in top 5%,0.9984025559105432,0.9968051118210862,1.0,0,0.2309111351611351,94893195.2346145,0.6459719065395978,337.7785826173516,4.199204027922666,140379.921875,0.37865622186213577
10,escalate,both baseline and anomaly score in top 5%,0.9984025559105432,0.9968051118210862,1.0,0,0.24211087061087055,223971840.2213544,0.6416021813750169,493.26497041497987,4.199204027922666,294703.90625,0.385119579688131
11,escalate,both baseline and anomaly score in top 5%,0.9984025559105432,0.9968051118210862,1.0,0,0.241342352092352,130993663.84344505,0.6289408230894551,412.5100032914891,4.199204027922666,192625.90625,0.3910420620465308
12,escalate,both baseline and anomaly score in top 5%,1.0,1.0,1.0,0,0.2567881192881192,313384131.1912305,0.6373694140160352,652.3921330377185,4.199204027922666,501646.5,0.39880901189321144
13,escalate,both baseline and anomaly score in top 5%,1.0,1.0,1.0,0,0.27866579424474164,257108142.04524186,0.6361660295611758,592.0676263149531,4.199204027922666,409242.0625,0.4111810622046454
14,escalate,both baseline and anomaly score in top 5%,0.9984025559105432,0.9968051118210862,1.0,0,0.23878697263062576,71278185.89569597,0.6595483778693481,310.2111843246581,4.199204027922666,102636.3984375,0.3896823422454953
15,escalate,both baseline and anomaly score in top 5%,0.9968051118210863,0.9936102236421726,1.0,0,0.22525372775372768,145112087.20914832,0.6518140486130309,440.58397951024233,4.199204027922666,227453.21875,0.37788018524754735
16,escalate,both baseline and anomaly score in top 5%,0.9936102236421724,0.987220447284345,1.0,0,0.21976827801827795,376027208.72772586,0.6542387406803598,693.0062075732301,4.199204027922666,512914.96875,0.37722419292960646
17,escalate,both baseline and anomaly score in top 5%,1.0,1.0,1.0,0,0.25053463836358575,136968284.500692,0.6362238251628245,439.45782985832113,4.199204027922666,216655.640625,0.3939032858511357
18,escalate,both baseline and anomaly score in top 5%,0.9968051118210863,0.9936102236421726,1.0,0,0.2262182602972077,664539621.9365524,0.6299304812733494,950.0539931356947,4.199204027922666,956228.6875,0.37721009621481555
19,escalate,both baseline and anomaly score in top 5%,0.9984025559105432,0.9968051118210862,1.0,0,0.2335632515632515,201013474.0950864,0.6443504461008845,547.2414480091246,4.199204027922666,313343.59375,0.3857785041119174
20,escalate,both baseline and anomaly score in top 5%,1.0,1.0,1.0,0,0.2514766408055881,111891893.87203814,0.6337594297555047,365.8328531892748,4.199204027922666,165393.375,0.3946102431515996
21,escalate,both baseline and anomaly score in top 5%,0.9984025559105432,0.9968051118210862,1.0,0,0.24638252196146926,89115291.30487122,0.6452108109580883,330.5465573394657,4.199204027922666,136251.09375,0.39657567168235114
22,escalate,both baseline and anomaly score in top 5%,1.0,1.0,1.0,0,0.2684721852221852,579547586.7378882,0.6520633691278365,865.452791885555,4.199204027922666,794423.625,0.4058323057518854
23,escalate,both baseline and anomaly score in top 5%,1.0,1.0,1.0,0,0.25145812228706954,82885814.26748893,0.6416058904125879,339.4608623030041,4.199204027922666,124070.953125,0.4005186700282159
24,escalate,both baseline and anomaly score in top 5%,1.0,1.0,1.0,0,0.25995679953574685,509418073.3002546,0.6400528522327438,813.4246659556443,4.199204027922666,701412.1875,0.40158685419700424
25,escalate,both baseline and anomaly score in top 5%,1.0,1.0,1.0,0,0.25435666185666184,663644654.8980759,0.6407860975399261,921.0342378213625,4.199204027922666,1025305.75,0.39639340936250345
26,escalate,both baseline and anomaly score in top 5%,0.9984025559105432,0.9968051118210862,1.0,0,0.23868940026834765,104906642.39714259,0.6534467435713515,374.7578461152065,4.199204027922666,157416.015625,0.38200666071105366
27,escalate,both baseline and anomaly score in top 5%,0.9984025559105432,0.9968051118210862,1.0,0,0.2410632515632515,684209406.9009807,0.6307886806834045,955.2489313503675,4.199204027922666,1087752.5,0.3849633001477206
28,escalate,both baseline and anomaly score in top 5%,1.0,1.0,1.0,0,0.24732515632515634,154220903.55584374,0.6380830826199745,463.54688514613144,4.199204027922666,238994.015625,0.3944436690071782
29,escalate,both baseline and anomaly score in top 5%,0.9968051118210863,0.9936102236421726,1.0,0,0.22611592111592108,184757415.87063318,0.6242873753514081,495.82377007366347,4.199204027922666,286075.375,0.3762884324177631
30,escalate,both baseline and anomaly score in top 5%,0.9904153354632588,0.9808306709265175,1.0,0,0.21645875420875413,527170670.59581,0.6356424595939753,796.9020036585575,4.199204027922666,803479.9375,0.375511425429771
31,escalate,both baseline and anomaly score in top 5%,1.0,1.0,1.0,0,0.2544838864838866,225729860.16028237,0.6352312459611116,586.5065229059513,4.199204027922666,370382.15625,0.3921463055002145
32,escalate,both baseline and anomaly score in top 5%,1.0,1.0,1.0,0,0.2604935128224602,167131960.56622154,0.6609554375506389,474.4272032027003,4.199204027922666,232245.484375,0.40150041608838877
33,escalate,both baseline and anomaly score in top 5%,0.9984025559105432,0.9968051118210862,1.0,0,0.23916113516113516,135959654.02095944,0.6265244103016716,424.6341182089178,4.199204027922666,196793.890625,0.38485493079130206
34,escalate,both baseline and anomaly score in top 5%,1.0,1.0,1.0,0,0.2701695589985063,104353886.43929178,0.6272616069229355,345.45548059377194,4.199204027922666,146658.25,0.40293459043158647
35,escalate,both baseline and anomaly score in top 5%,1.0,1.0,1.0,0,0.25905928330928324,98549893.04919346,0.6315779195177631,326.23274147420443,4.199204027922666,137878.015625,0.4032589743833419
36,escalate,both baseline and anomaly score in top 5%,0.9968051118210863,0.9936102236421726,1.0,0,0.22815055315055308,385439915.95478815,0.6339885878780247,734.6058367980893,4.199204027922666,631460.4375,0.3866755162684949
37,escalate,both baseline and anomaly score in top 5%,0.9984025559105432,0.9968051118210862,1.0,0,0.2417497594997594,36644059.623182915,0.6245237406681041,222.13366338512327,4.199204027922666,58361.0,0.38879608783386865
38,escalate,both baseline and anomaly score in top 5%,0.9984025559105432,0.9968051118210862,1.0,0,0.22861087061087057,737024184.4289483,0.6420083002949926,936.3301194410881,4.199204027922666,1118223.875,0.3863860616831445
39,escalate,both baseline and anomaly score in top 5%,1.0,1.0,1.0,0,0.2570275372775373,1219972874.8716905,0.646485107845611,1186.8121223678713,4.199204027922666,1517356.125,0.3991701714463195
40,escalate,both baseline and anomaly score in top 5%,1.0,1.0,1.0,0,0.2590222462722463,102966746.13478506,0.6450167858189131,375.2700637887488,4.199204027922666,150533.78125,0.39603668562239314
41,escalate,both baseline and anomaly score in top 5%,0.9984025559105432,0.9968051118210862,1.0,0,0.24550372775372775,222165725.03597978,0.6367391656098627,574.0360676755107,4.199204027922666,347000.21875,0.3938592634727255
42,escalate,both baseline and anomaly score in top 5%,0.9984025559105432,0.9968051118210862,1.0,0,0.2429746272246272,76360691.64319272,0.6480465446170512,297.8115816359758,4.199204027922666,107194.0390625,0.39059212872679566
43,escalate,both baseline and anomaly score in top 5%,0.9984025559105432,0.9968051118210862,1.0,0,0.23527332852332858,525510451.4048839,0.6482310984113244,815.6104813292507,4.199204027922666,826368.875,0.38547106569447287
44,escalate,both baseline and anomaly score in top 5%,1.0,1.0,1.0,0,0.25626034151034144,768847291.1814153,0.6528649766750207,984.1747219064151,4.199204027922666,1071387.5,0.3914529036371993
45,escalate,both baseline and anomaly score in top 5%,0.9984025559105432,0.9968051118210862,1.0,0,0.24416510341510336,113276746.35148448,0.647034644911251,392.81349749228167,4.199204027922666,183553.265625,0.3925633317943349
46,escalate,both baseline and anomaly score in top 5%,0.9984025559105432,0.9968051118210862,1.0,0,0.24443675476570206,230935766.55662444,0.6473131697522032,546.0745573549618,4.199204027922666,371196.25,0.39325704432972136
47,escalate,both baseline and anomaly score in top 5%,1.0,1.0,1.0,0,0.2553251563251564,617124495.0757943,0.6311844365588895,880.6978846639146,4.199204027922666,905393.5,0.3939751989281733
48,escalate,both baseline and anomaly score in top 5%,0.9984025559105432,0.9968051118210862,1.0,0,0.2385196007696007,415588705.47106963,0.6313432310706378,704.5316037240883,4.199204027922666,571129.9375,0.38725745850527626
49,escalate,both baseline and anomaly score in top 5%,1.0,1.0,1.0,1,0.25102802460697193,91566979.88381939,0.6363275867298892,339.45650573316567,4.199204027922666,139877.09375,0.39148384420720006
50,escalate,both baseline and anomaly score in top 5%,0.9936102236421724,0.987220447284345,1.0,1,0.2192537277537277,177058353.37625945,0.6485957475038623,463.7669872804871,4.199204027922666,243951.890625,0.37512444535931777
51,escalate,both baseline and anomaly score in top 5%,1.0,1.0,1.0,0,0.26873388648388646,184815648591.5793,0.6411908204971613,14593.856508766554,4.199204027922666,290995040.0,0.40087348217659596
52,escalate,both baseline and anomaly score in top 5%,0.9968051118210863,0.9936102236421726,1.0,0,0.22412145262145258,154165191.3877142,0.6433942267622241,466.5400083807448,4.199204027922666,248340.0,0.377758458402346
53,escalate,both baseline and anomaly score in top 5%,0.9968051118210863,0.9936102236421726,1.0,0,0.22733838383838378,575564342.9010327,0.644046263615947,847.1354485205751,4.199204027922666,802783.5625,0.3840417550009578
54,escalate,both baseline and anomaly score in top 5%,1.0,1.0,1.0,0,0.25063335738335724,748550351.0386401,0.6355287253906234,1012.1926016336926,4.199204027922666,1146050.25,0.3908230624237988
55,escalate,both baseline and anomaly score in top 5%,0.9952076677316294,0.9904153354632588,1.0,0,0.223097643097643,465367213.92974085,0.6509839815054681,764.174303365882,4.199204027922666,606739.75,0.3809063518269676
56,escalate,both baseline and anomaly score in top 5%,0.9984025559105432,0.9968051118210862,1.0,0,0.24345478595478592,515309799.35389996,0.6582738584291118,808.7563757549758,4.199204027922666,754507.125,0.3838004593922963
57,escalate,both baseline and anomaly score in top 5%,0.9984025559105432,0.9968051118210862,1.0,0,0.23330399230399218,519027565.8515764,0.6432312515356934,781.4674749080747,4.199204027922666,675989.0,0.38531639938562445
58,escalate,both baseline and anomaly score in top 5%,0.9856230031948882,0.9712460063897763,1.0,0,0.2133119288119287,185241624.44947273,0.6451516990985011,474.6548702539255,4.199204027922666,288617.5625,0.3736370363011904
59,escalate,both baseline and anomaly score in top 5%,0.9920127795527156,0.9840255591054313,1.0,0,0.21855796055796042,267256831.70453933,0.6494389126078017,556.8354146619436,4.199204027922666,334700.71875,0.3793995649134335
60,escalate,both baseline and anomaly score in top 5%,0.9984025559105432,0.9968051118210862,1.0,0,0.23187193995088726,203612325.02419785,0.6518068768785703,503.3155051755425,4.199204027922666,277581.25,0.3801584733674138
61,escalate,both baseline and anomaly score in top 5%,0.9984025559105432,0.9968051118210862,1.0,0,0.23895478595478592,106259807.70336589,0.6554584886865958,343.5253092809919,4.199204027922666,128057.4609375,0.38421527504493924
62,escalate,both baseline and anomaly score in top 5%,0.9952076677316294,0.9904153354632588,1.0,0,0.22377356902356904,430917135.2978718,0.6422696084591243,699.32128675463,4.199204027922666,584896.375,0.37927937715160864
63,escalate,both baseline and anomaly score in top 5%,0.9984025559105432,0.9968051118210862,1.0,0,0.2321946912736386,396799155.38620543,0.646256101668913,694.0012554915982,4.199204027922666,529590.6875,0.38580383779589783
64,escalate,both baseline and anomaly score in top 5%,0.9856230031948882,0.9712460063897763,1.0,0,0.21388649021543746,241896856.64152157,0.6378809131887409,594.2219120244218,4.199204027922666,387279.84375,0.369848106375617
65,escalate,both baseline and anomaly score in top 5%,0.9920127795527156,0.9840255591054313,1.0,0,0.21777753727753724,351421248.5983323,0.6471212808842988,626.5125489165932,4.199204027922666,463291.78125,0.37813867744267854
66,escalate,both baseline and anomaly score in top 5%,0.9936102236421724,0.987220447284345,1.0,0,0.220252405002405,215928165.12797582,0.6393787040454121,495.4415238290211,4.199204027922666,277507.21875,0.37673091791736274
67,escalate,both baseline and anomaly score in top 5%,1.0,1.0,1.0,0,0.2505420875420875,184117717357.2456,0.6421131589047412,14573.557429401402,4.199204027922666,290186176.0,0.3940612216179973
68,escalate,both baseline and anomaly score in top 5%,1.0,1.0,1.0,0,0.2528957494746968,130618853.24338731,0.6318325252958766,388.1058877942306,4.199204027922666,175611.96875,0.397426794249245
69,escalate,both baseline and anomaly score in top 5%,0.9952076677316294,0.9904153354632588,1.0,0,0.22093097643097637,870392795.3690295,0.6332226882812917,1075.3579060153816,4.199204027922666,1314694.875,0.3827715626163368
70,escalate,both baseline and anomaly score in top 5%,1.0,1.0,1.0,0,0.24909764309764304,364507209.27130884,0.6405878603325725,696.786685645208,4.199204027922666,511109.5,0.3992638085348882
71,escalate,both baseline and anomaly score in top 5%,0.9856230031948882,0.9712460063897763,1.0,1,0.2137787397787397,623936166.5368105,0.6386640232675376,906.0184918748331,4.199204027922666,975380.6875,0.3691433749322903
72,escalate,both baseline and anomaly score in top 5%,1.0,1.0,1.0,1,0.26229998704998714,132300803.44656897,0.6228604093600009,429.1616889587607,4.199204027922666,218464.625,0.3998532858006923
73,escalate,both baseline and anomaly score in top 5%,1.0,1.0,1.0,0,0.24804304954304948,964134232.9633318,0.6383669452784909,1160.4334064227955,4.199204027922666,1506924.5,0.3980022283101993
74,escalate,both baseline and anomaly score in top 5%,1.0,1.0,1.0,1,0.28324495582390324,72100229.939969,0.6322007743506526,325.0919346248181,4.199204027922666,111489.1015625,0.4100264611138821
75,escalate,both baseline and anomaly score in top 5%,1.0,1.0,1.0,1,0.26269043919043916,540261110.4822242,0.6385084684534276,829.8348589459367,4.199204027922666,758095.0,0.3996431867106566
76,escalate,both baseline and anomaly score in top 5%,1.0,1.0,1.0,1,0.25528811928811934,888753256.003389,0.6357110127908958,1076.0202350992852,4.199204027922666,1234125.875,0.39925692752531655
77,escalate,both baseline and anomaly score in top 5%,0.9984025559105432,0.9968051118210862,1.0,0,0.24552621452621448,112168690.5794719,0.6302469147712307,347.1175682448517,4.199204027922666,145316.859375,0.3969534322501205
78,escalate,both baseline and anomaly score in top 5%,0.9984025559105432,0.9968051118210862,1.0,0,0.23283441558441556,856346585.6225027,0.6322454316338892,1054.6010385084287,4.199204027922666,1317988.625,0.3812386110632921
79,escalate,both baseline and anomaly score in top 5%,1.0,1.0,1.0,0,0.24927861952861946,234538168.64552477,0.634059165396631,534.6895407287942,4.199204027922666,333699.84375,0.3950061381128362
80,escalate,both baseline and anomaly score in top 5%,0.9984025559105432,0.9968051118210862,1.0,0,0.22866113516113507,3068213029.0819907,0.6466104602879872,2056.886986363885,4.199204027922666,4794972.5,0.3832736051833628
81,escalate,both baseline and anomaly score in top 5%,1.0,1.0,1.0,0,0.2548912938912938,286070245.2706708,0.6395949743657647,622.0783259493389,4.199204027922666,434124.90625,0.39536320145439935
82,escalate,both baseline and anomaly score in top 5%,1.0,1.0,1.0,0,0.2519746272246271,165195026.94982532,0.6448984814640727,443.20675966778083,4.199204027922666,245804.109375,0.39916032371665233
83,escalate,both baseline and anomaly score in top 5%,0.9952076677316294,0.9904153354632588,1.0,0,0.22204605579605574,72916448.96010867,0.6635568334511941,295.7829744005379,4.199204027922666,113563.53125,0.3806222705303064
84,escalate,both baseline and anomaly score in top 5%,0.9856230031948882,0.9712460063897763,1.0,0,0.21511087061087053,281106315.8501097,0.6543635767556131,543.8830359942604,4.199204027922666,382324.40625,0.3780140438590733
85,escalate,both baseline and anomaly score in top 5%,1.0,1.0,1.0,0,0.25926827801827795,191472149.29932675,0.6487875817763801,480.7688287595183,4.199204027922666,251034.375,0.4043133658509719
86,escalate,both baseline and anomaly score in top 5%,1.0,1.0,1.0,0,0.25794552669552656,76072652.73510432,0.6521234421566433,313.9182706760835,4.199204027922666,113381.8359375,0.4017356520013589
87,escalate,both baseline and anomaly score in top 5%,1.0,1.0,1.0,0,0.24717749550644286,486069490.5370009,0.6443250388940756,812.3245111242984,4.199204027922666,763953.4375,0.39713688758417565
88,escalate,both baseline and anomaly score in top 5%,0.9984025559105432,0.9968051118210862,1.0,0,0.2394671780461254,96457303.83332762,0.6447729442983956,344.6624772799884,4.199204027922666,143082.796875,0.3922032064854997
89,escalate,both baseline and anomaly score in top 5%,1.0,1.0,1.0,1,0.2514151034151034,186234959.9308266,0.632931176920764,463.5813702039184,4.199204027922666,263278.53125,0.3930090710644729
90,escalate,both baseline and anomaly score in top 5%,0.9936102236421724,0.987220447284345,1.0,1,0.2193460798460798,631929097.1063095,0.6481087161797572,943.1758452422191,4.199204027922666,969389.3125,0.37087001269338815
91,escalate,both baseline and anomaly score in top 5%,1.0,1.0,1.0,0,0.2539338254338254,91925533.89430466,0.6288783845433408,331.4293509522016,4.199204027922666,128629.7578125,0.3964630710137049
92,escalate,both baseline and anomaly score in top 5%,0.9984025559105432,0.9968051118210862,1.0,0,0.23462012987012978,197471631.04552707,0.6588424229050446,474.85190400207057,4.199204027922666,279317.90625,0.3899139190991257
93,escalate,both baseline and anomaly score in top 5%,0.9936102236421724,0.987220447284345,1.0,0,0.2204719817219817,291847511.2145452,0.63219354171191,620.9165513086132,4.199204027922666,447734.15625,0.3844264752079308
94,escalate,both baseline and anomaly score in top 5%,0.9984025559105432,0.9968051118210862,1.0,0,0.23555796055796055,544430783.4197514,0.6522185465870551,774.3824803651171,4.199204027922666,782823.375,0.3858335405673127
95,escalate,both baseline and anomaly score in top 5%,0.9984025559105432,0.9968051118210862,1.0,0,0.23746982354877091,222505217.0078113,0.6332598297299947,487.3566175802286,4.199204027922666,286615.84375,0.3912023221993716
96,escalate,both baseline and anomaly score in top 5%,0.9984025559105432,0.9968051118210862,1.0,0,0.24301034151034148,100567564.72972082,0.637480234774947,352.42237622944754,4.199204027922666,155638.828125,0.39133498875915707
97,escalate,both baseline and anomaly score in top 5%,0.9984025559105432,0.9968051118210862,1.0,0,0.2389076542366015,378698144.3320153,0.6341780211721049,679.1202836646196,4.199204027922666,536524.875,0.38981402474411525
98,escalate,both baseline and anomaly score in top 5%,0.9984025559105432,0.9968051118210862,1.0,0,0.2411664261664261,209763983.8225195,0.6467880711450273,459.19225598323,4.199204027922666,285860.75,0.3928351878659749
99,escalate,both baseline and anomaly score in top 5%,1.0,1.0,1.0,0,0.255617971696919,333332029.78878117,0.6383726689660572,635.9211057512077,4.199204027922666,478818.625,0.39893948790936284
100,escalate,both baseline and anomaly score in top 5%,1.0,1.0,1.0,0,0.24793097643097645,194668218.53145266,0.642694259664682,455.9291767949204,4.199204027922666,248125.078125,0.3956530936243942
101,escalate,both baseline and anomaly score in top 5%,0.9984025559105432,0.9968051118210862,1.0,0,0.23648569656464394,581075907.6203239,0.6490740803340749,839.322942955628,4.199204027922666,813448.625,0.3865244425844044
102,escalate,both baseline and anomaly score in top 5%,0.9952076677316294,0.9904153354632588,1.0,0,0.22266642616642604,45367265.66996814,0.6403488535601053,254.9579532383214,4.199204027922666,74634.7421875,0.3807520871290304
103,escalate,both baseline and anomaly score in top 5%,0.9968051118210863,0.9936102236421726,1.0,0,0.22650637325637324,163534803.03993407,0.640896658602892,438.75069435180205,4.199204027922666,240731.921875,0.38175038935754496
104,escalate,both baseline and anomaly score in top 5%,0.9968051118210863,0.9936102236421726,1.0,0,0.2269169134958608,133960833.63178982,0.64759900464556,360.6218872683733,4.199204027922666,170395.296875,0.38851690185496435
105,escalate,both baseline and anomaly score in top 5%,1.0,1.0,1.0,0,0.2543846801346801,236932258.912942,0.639644942424707,571.2552734271949,4.199204027922666,374323.375,0.39366316863086337
106,escalate,both baseline and anomaly score in top 5%,1.0,1.0,1.0,0,0.2626259082048556,156666490.03270262,0.6415576326030134,445.7736439934864,4.199204027922666,227147.609375,0.400689097313767
107,escalate,both baseline and anomaly score in top 5%,0.9984025559105432,0.9968051118210862,1.0,0,0.23543940026834762,71801314.31736699,0.6321820489067765,284.6704314958823,4.199204027922666,99639.3515625,0.3910915602839676
108,escalate,both baseline and anomaly score in top 5%,0.9984025559105432,0.9968051118210862,1.0,0,0.23881506164400895,1287154527.7942734,0.6468726566168201,1198.2706485463677,4.199204027922666,1685077.875,0.3903620865965182
109,escalate,both baseline and anomaly score in top 5%,0.9808306709265175,0.9616613418530351,1.0,0,0.21079208754208745,510719534.3293348,0.644554606102174,790.3514975606847,4.199204027922666,690664.5625,0.37595534140580217
110,escalate,both baseline and anomaly score in top 5%,0.9984025559105432,0.9968051118210862,1.0,1,0.24234945317840048,52979346.77501269,0.6502497099891797,253.20317333437592,4.199204027922666,72998.140625,0.38994354328045777
111,escalate,both baseline and anomaly score in top 5%,0.9984025559105432,0.9968051118210862,1.0,1,0.2362449558239032,666958609.0810169,0.6315940583140268,910.0495161401002,4.199204027922666,941602.6875,0.3888214645728425
112,escalate,both baseline and anomaly score in top 5%,0.9984025559105432,0.9968051118210862,1.0,1,0.232191247205953,406305035.7100912,0.6389739411695348,689.1631167307668,4.199204027922666,553532.1875,0.3886227092204403
113,escalate,both baseline and anomaly score in top 5%,0.9984025559105432,0.9968051118210862,1.0,0,0.2423198653198653,678615026.0269984,0.6417434680441376,899.1247328809113,4.199204027922666,888788.125,0.38983329798480676
114,escalate,both baseline and anomaly score in top 5%,0.9984025559105432,0.9968051118210862,1.0,0,0.23823785473785464,245650271.27404666,0.6327265771865814,545.300570090619,4.199204027922666,344477.0,0.3886372496294142
115,escalate,both baseline and anomaly score in top 5%,0.9984025559105432,0.9968051118210862,1.0,0,0.24252621452621453,368853654.43620384,0.6506018985318397,640.3674567428511,4.199204027922666,469110.84375,0.3922170565283611
116,escalate,both baseline and anomaly score in top 5%,0.9920127795527156,0.9840255591054313,1.0,0,0.2181505531505531,521394674.49632573,0.630607452396785,783.3755254974355,4.199204027922666,773008.375,0.37556732640444523
117,escalate,both baseline and anomaly score in top 5%,1.0,1.0,1.0,0,0.2533071251360725,351805881.7939422,0.6277602367154715,671.1048734994253,4.199204027922666,501110.40625,0.3980478786379436
118,escalate,both baseline and anomaly score in top 5%,0.9968051118210863,0.9936102236421726,1.0,0,0.22594684944684937,78950434.89136513,0.6489341409048552,310.11603669144137,4.199204027922666,118622.21875,0.3839866460124774
119,escalate,both baseline and anomaly score in top 5%,1.0,1.0,1.0,0,0.2558309346598821,160955234.93171683,0.6496351956715639,417.845959483329,4.199204027922666,208327.859375,0.39879409297585033
120,escalate,both baseline and anomaly score in top 5%,0.9984025559105432,0.9968051118210862,1.0,0,0.24189526214526205,387058540.71826404,0.6398129832647991,697.2057442396448,4.199204027922666,525530.4375,0.3895706441222415
121,escalate,both baseline and anomaly score in top 5%,0.9968051118210863,0.9936102236421726,1.0,0,0.22680002405002397,126846170.02286278,0.6442412062629684,387.5443479005917,4.199204027922666,193878.28125,0.38136787901346464
122,escalate,both baseline and anomaly score in top 5%,0.9984025559105432,0.9968051118210862,1.0,0,0.23627405635300372,520304342.98550665,0.6277709593824228,839.2416128960351,4.199204027922666,730325.25,0.38855147166445736
123,escalate,both baseline and anomaly score in top 5%,0.9984025559105432,0.9968051118210862,1.0,0,0.23014839497734235,118012937.47935624,0.6393147517940492,356.9568968047946,4.199204027922666,171366.796875,0.3849118000198978
124,escalate,both baseline and anomaly score in top 5%,0.9936102236421724,0.987220447284345,1.0,0,0.21976827801827792,374758451.0537997,0.6357195910194524,660.158015792,4.199204027922666,508811.9375,0.37892689496971965
125,escalate,both baseline and anomaly score in top 5%,0.9984025559105432,0.9968051118210862,1.0,0,0.2359481721981722,261974445.93508047,0.6514942910292796,616.0622630395659,4.199204027922666,435862.875,0.3897444286187376
126,escalate,both baseline and anomaly score in top 5%,1.0,1.0,1.0,0,0.24772859547859544,260143842.23842406,0.6463411769963945,599.3156826363687,4.199204027922666,395893.625,0.3930788717855457
127,escalate,both baseline and anomaly score in top 5%,1.0,1.0,1.0,0,0.25969601402496145,311782513.40318525,0.6562110074676277,607.1859383895626,4.199204027922666,391753.96875,0.4003826423548887
128,escalate,both baseline and anomaly score in top 5%,0.9984025559105432,0.9968051118210862,1.0,0,0.23505531505531502,146723694.48100904,0.6376328464324075,417.7085103611612,4.199204027922666,223069.1875,0.389784017953123
129,escalate,both baseline and anomaly score in top 5%,1.0,1.0,1.0,0,0.261336225665173,286995643.66340107,0.6283381304505359,578.4832117350644,4.199204027922666,401439.125,0.3976668361211467
130,escalate,both baseline and anomaly score in top 5%,0.9856230031948882,0.9712460063897763,1.0,0,0.2136894002683476,350188750.92578673,0.6563183041943323,654.0423421619755,4.199204027922666,506543.5625,0.37293766574270015
131,escalate,both baseline and anomaly score in top 5%,1.0,1.0,1.0,0,0.24846289855655168,235747176.44760776,0.6485911407302792,513.1075650807285,4.199204027922666,309352.53125,0.38909557673762746
132,escalate,both baseline and anomaly score in top 5%,0.9984025559105432,0.9968051118210862,1.0,0,0.23643097643097644,116935474.36150554,0.6396711901566803,389.4200477659999,4.199204027922666,177210.78125,0.3868389156141016
133,escalate,both baseline and anomaly score in top 5%,0.9952076677316294,0.9904153354632588,1.0,0,0.22316113516113514,480814494.722256,0.6455528307720123,793.730604417555,4.199204027922666,655802.375,0.3784364411500866
134,escalate,both baseline and anomaly score in top 5%,0.9968051118210863,0.9936102236421726,1.0,0,0.225102098681046,637621734.7995116,0.6448034886909142,803.3016552058489,4.199204027922666,759109.8125,0.383755301621137
135,escalate,both baseline and anomaly score in top 5%,0.9968051118210863,0.9936102236421726,1.0,0,0.22565765423660153,528852630.6207565,0.6512855767588966,820.1869517521709,4.199204027922666,721671.625,0.3814702626538895
136,escalate,both baseline and anomaly score in top 5%,1.0,1.0,1.0,0,0.25576235509130235,122630257.2550558,0.6329870442098139,414.5661287275657,4.199204027922666,201982.75,0.3976906459367255
137,escalate,both baseline and anomaly score in top 5%,0.9792332268370607,0.9584664536741214,1.0,0,0.20895395053289784,164239278.48534146,0.6542847239938067,439.96562239692946,4.199204027922666,205056.84375,0.37405741288734534
138,escalate,both baseline and anomaly score in top 5%,1.0,1.0,1.0,0,0.26239839497734235,175700021.0617999,0.6333546464146501,426.36560116524777,4.199204027922666,215989.15625,0.40445895113330427
139,escalate,both baseline and anomaly score in top 5%,0.9984025559105432,0.9968051118210862,1.0,0,0.24273653198653192,1322228281.5412753,0.6287800469492352,1306.5221797309034,4.199204027922666,1884988.0,0.3902260902489383
140,escalate,both baseline and anomaly score in top 5%,1.0,1.0,1.0,0,0.2470835801625275,58300817.70739782,0.6424408668495052,281.8635301029926,4.199204027922666,90184.3515625,0.3937518758535665
141,escalate,both baseline and anomaly score in top 5%,1.0,1.0,1.0,0,0.2550513468013468,180184780.94151366,0.6381959726240387,478.20064742132115,4.199204027922666,275372.28125,0.3976936421231811
142,escalate,both baseline and anomaly score in top 5%,0.9984025559105432,0.9968051118210862,1.0,0,0.2312515695805169,751998402.6634609,0.6398858957058526,977.5771193809376,4.199204027922666,995214.3125,0.38743045784873403
143,escalate,both baseline and anomaly score in top 5%,0.9984025559105432,0.9968051118210862,1.0,0,0.2416059591996124,456625797.7848563,0.6483938836895162,745.3651177740699,4.199204027922666,680035.625,0.3881781944298342
144,escalate,both baseline and anomaly score in top 5%,0.9984025559105432,0.9968051118210862,1.0,0,0.22885185185185178,513193037.6216172,0.648424429649781,817.3580034737736,4.199204027922666,711043.3125,0.3845241440928393
145,escalate,both baseline and anomaly score in top 5%,0.9984025559105432,0.9968051118210862,1.0,0,0.24623834206728934,340042284.374935,0.6483658135360886,676.5374472849027,4.199204027922666,484846.09375,0.3954527984091096
146,escalate,both baseline and anomaly score in top 5%,0.9984025559105432,0.9968051118210862,1.0,0,0.24227537910432645,218952810.8232098,0.6359807757677342,518.6073721791048,4.199204027922666,292946.75,0.39017418930992037
147,escalate,both baseline and anomaly score in top 5%,0.9984025559105432,0.9968051118210862,1.0,1,0.2421862674362674,780176563.7242965,0.6357976179407255,1043.3616246101442,4.199204027922666,1124459.25,0.38949281763671995
148,escalate,both baseline and anomaly score in top 5%,1.0,1.0,1.0,0,0.27166955899850637,264202148.2741587,0.6486288838409773,590.0235690967617,4.199204027922666,399072.53125,0.41043413577608584
149,escalate,both baseline and anomaly score in top 5%,1.0,1.0,1.0,0,0.26145395053289794,90364063.08742304,0.658056334784347,347.0804087810742,4.199204027922666,129480.140625,0.4029211754391244
150,escalate,both baseline and anomaly score in top 5%,1.0,1.0,1.0,0,0.2791215358715358,407484476.7441204,0.6403970033560495,658.4833266218359,4.199204027922666,527712.4375,0.41162044796401137
151,escalate,both baseline and anomaly score in top 5%,0.9984025559105432,0.9968051118210862,1.0,0,0.23915716690716687,321925281.13690454,0.6604535437106313,604.221879479203,4.199204027922666,469677.8125,0.394159960306075
152,escalate,both baseline and anomaly score in top 5%,0.9984025559105432,0.9968051118210862,1.0,0,0.23117220450115183,313441292.2511738,0.6551913816399814,664.6276656092859,4.199204027922666,517050.3125,0.383920408514877
153,escalate,both baseline and anomaly score in top 5%,0.9984025559105432,0.9968051118210862,1.0,0,0.2428388711678185,166319712.89104584,0.6605145700969369,451.35336702995136,4.199204027922666,245932.78125,0.39019989051996895
154,escalate,both baseline and anomaly score in top 5%,1.0,1.0,1.0,0,0.26136400344295074,1347055048.2897658,0.6479169662705988,1324.3351396788719,4.199204027922666,1920404.875,0.4012517568832386
155,escalate,both baseline and anomaly score in top 5%,0.9984025559105432,0.9968051118210862,1.0,0,0.24504890479890476,87957678.56916536,0.6385356850619867,335.13811906009533,4.199204027922666,124823.53125,0.39170455108205143
156,escalate,both baseline and anomaly score in top 5%,1.0,1.0,1.0,0,0.2559734805671338,563550676.2095547,0.6502047636795594,802.7114468058568,4.199204027922666,776679.6875,0.400248423592237
157,escalate,both baseline and anomaly score in top 5%,1.0,1.0,1.0,0,0.2513269664059136,545162937.7313116,0.6604034496104401,772.7929098220624,4.199204027922666,764519.875,0.3970581661637002
158,escalate,both baseline and anomaly score in top 5%,1.0,1.0,1.0,0,0.2529015646662705,1331208724.7691464,0.6269773746367822,1316.954960364609,4.199204027922666,1895922.25,0.39986747867979733
159,escalate,both baseline and anomaly score in top 5%,1.0,1.0,1.0,0,0.2509618870408344,370047921.3385806,0.6567156891505401,631.4892169508882,4.199204027922666,503161.0,0.39772790386830753
160,escalate,both baseline and anomaly score in top 5%,0.9984025559105432,0.9968051118210862,1.0,0,0.23915848965848965,140369724.09561196,0.6384739102581437,424.07545217061454,4.199204027922666,211921.859375,0.3909927975969656
161,escalate,both baseline and anomaly score in top 5%,1.0,1.0,1.0,0,0.2655189688479162,340170023.2013019,0.6268516711634614,657.7327693027431,4.199204027922666,491931.3125,0.40416125413042336
162,escalate,both baseline and anomaly score in top 5%,0.9984025559105432,0.9968051118210862,1.0,0,0.23751683501683502,562961680.4419456,0.6370998225732489,808.386786822981,4.199204027922666,761513.3125,0.39120285856797965
163,escalate,both baseline and anomaly score in top 5%,1.0,1.0,1.0,0,0.2550015695805169,1387972749.7338016,0.644350802459498,1357.9368968941103,4.199204027922666,1974398.125,0.39744616205623456
164,escalate,both baseline and anomaly score in top 5%,0.9808306709265175,0.9616613418530351,1.0,0,0.2107858408647882,447426674.4089561,0.6543802594788786,683.21291080061,4.199204027922666,594148.3125,0.3689143706609437
165,escalate,both baseline and anomaly score in top 5%,0.9984025559105432,0.9968051118210862,1.0,0,0.24411104670469985,251039326.03148606,0.6539267827753793,493.75590547923076,4.199204027922666,317787.96875,0.3950171707027586
166,escalate,both baseline and anomaly score in top 5%,0.9984025559105432,0.9968051118210862,1.0,0,0.2423520986810461,511400255.8632478,0.6469992227929856,726.263340373788,4.199204027922666,635793.5625,0.3898137736141647
167,escalate,both baseline and anomaly score in top 5%,0.9984025559105432,0.9968051118210862,1.0,0,0.24029389762284495,1537158856.3091817,0.646443408518807,1444.9518294161421,4.199204027922666,2375094.0,0.39314603890660077
168,escalate,both baseline and anomaly score in top 5%,1.0,1.0,1.0,0,0.25659416217310954,245405252.70661315,0.6446794264611583,541.2531498861827,4.199204027922666,310614.78125,0.3974713345928097
169,escalate,both baseline and anomaly score in top 5%,0.9936102236421724,0.987220447284345,1.0,0,0.22053150553150555,173973264.82127702,0.6408166970634583,487.47218926247444,4.199204027922666,270058.03125,0.382640574319369
170,escalate,both baseline and anomaly score in top 5%,0.9984025559105432,0.9968051118210862,1.0,0,0.24380039112933838,303708741.5891841,0.6530607694607151,565.1942881405038,4.199204027922666,416139.625,0.39234937223364874
171,escalate,both baseline and anomaly score in top 5%,1.0,1.0,1.0,0,0.2734552732842206,212971255.873012,0.6480839671318704,489.9229226777701,4.199204027922666,305316.1875,0.406759083930924
172,escalate,both baseline and anomaly score in top 5%,1.0,1.0,1.0,0,0.2513560669350143,360699983.59235865,0.6419420027080096,653.6471581496801,4.199204027922666,509770.375,0.39720174859265134
173,escalate,both baseline and anomaly score in top 5%,0.9984025559105432,0.9968051118210862,1.0,0,0.23099098756993486,377427945.9043819,0.6253292281530363,707.9134823481459,4.199204027922666,579538.875,0.38656348002427937
174,review,combined score in top 9%,0.9680511182108626,0.9361022364217252,1.0,0,0.19654629629629622,96659563.65959628,0.6310300365757168,329.5386301229164,4.199204027922666,124065.1328125,0.3630338171925503
175,escalate,both baseline and anomaly score in top 5%,0.9984025559105432,0.9968051118210862,1.0,0,0.23686664894559628,203925661.19466928,0.6444631121351245,475.45786645718,4.199204027922666,265349.875,0.38796250517811065
176,escalate,both baseline and anomaly score in top 5%,1.0,1.0,1.0,0,0.2575817700817701,188124144.86572117,0.6504333342916621,453.6204324490358,4.199204027922666,264377.59375,0.40172798189979836
177,review,combined score in top 9%,0.9728434504792332,0.9456869009584664,1.0,0,0.2010425748715222,303597480.402802,0.6407668242593122,580.6999933318071,4.199204027922666,388733.46875,0.3679866329050137
178,escalate,both baseline and anomaly score in top 5%,0.9984025559105432,0.9968051118210862,1.0,0,0.23355051137945873,1350630646.1143742,0.6518593054020991,1354.0159865933117,4.199204027922666,1956449.125,0.38866111181843527
179,escalate,both baseline and anomaly score in top 5%,1.0,1.0,1.0,0,0.2656864435300967,1296579974.1635857,0.6470815098942196,1195.4733465865843,4.199204027922666,1725798.875,0.4095040632308719
180,escalate,both baseline and anomaly score in top 5%,0.9984025559105432,0.9968051118210862,1.0,0,0.24612723095617828,283811631.1325954,0.6516287142001117,580.9235768602693,4.199204027922666,374561.5,0.39269319600005687
181,escalate,both baseline and anomaly score in top 5%,1.0,1.0,1.0,0,0.26740368598263337,48154197.88143534,0.6479909982807643,249.17780044208286,4.199204027922666,67612.2109375,0.40347671948146147
182,escalate,both baseline and anomaly score in top 5%,0.9984025559105432,0.9968051118210862,1.0,0,0.22985690235690234,174582573.1994539,0.6544002799785501,455.33496244125945,4.199204027922666,234260.859375,0.3881021666315276
183,escalate,both baseline and anomaly score in top 5%,0.9984025559105432,0.9968051118210862,1.0,0,0.24445262778157503,538064890.4224494,0.657881997146951,834.2198444835401,4.199204027922666,799877.375,0.3934563059424746
184,escalate,both baseline and anomaly score in top 5%,0.9968051118210863,0.9936102236421726,1.0,0,0.2254222045011518,1603970724.718097,0.6460718738353582,1416.3575372859243,4.199204027922666,2287486.75,0.3817656476886958
185,escalate,both baseline and anomaly score in top 5%,0.9952076677316294,0.9904153354632588,1.0,1,0.2237550505050504,52331609.123482876,0.6337102780529924,259.14229276177326,4.199204027922666,74711.1171875,0.3815709447430379
186,escalate,both baseline and anomaly score in top 5%,0.9984025559105432,0.9968051118210862,1.0,0,0.24058441558441554,243393996.32991505,0.6518367469399082,546.3324510139989,4.199204027922666,343412.3125,0.391138958399831
187,escalate,both baseline and anomaly score in top 5%,0.9936102236421724,0.987220447284345,1.0,0,0.22026876534771267,1188217442.5777636,0.6473452155673425,1241.0400929874947,4.199204027922666,1605787.625,0.3788474455434075
188,escalate,both baseline and anomaly score in top 5%,0.9984025559105432,0.9968051118210862,1.0,0,0.23717617275512,262227916.7574564,0.6453945501721128,521.7670267746296,4.199204027922666,328050.0625,0.3938637170640055
189,escalate,both baseline and anomaly score in top 5%,0.9920127795527156,0.9840255591054313,1.0,0,0.21850889850889843,166772306.4908208,0.6542896984556151,441.0282450059156,4.199204027922666,249696.359375,0.37794769842550463
190,review,combined score in top 9%,0.9680511182108626,0.9361022364217252,1.0,1,0.19620875420875414,120535906.65336867,0.6419154012856149,361.6129282711299,4.199204027922666,152170.90625,0.36224521759956063
191,escalate,both baseline and anomaly score in top 5%,1.0,1.0,1.0,0,0.2516705705142237,1539096244.3424044,0.6533859066993056,1447.2131533376346,4.199204027922666,2325091.25,0.3974838231654185
192,escalate,both baseline and anomaly score in top 5%,0.9984025559105432,0.9968051118210862,1.0,0,0.24144023569023568,222785708.16645345,0.641667674955321,501.12740319529695,4.199204027922666,288428.9375,0.3864870496404592
193,escalate,both baseline and anomaly score in top 5%,1.0,1.0,1.0,0,0.25095875420875413,184095182562.50925,0.660030082257163,15377.081621349469,4.199204027922666,293492608.0,0.39222131025420337
194,escalate,both baseline and anomaly score in top 5%,0.9984025559105432,0.9968051118210862,1.0,0,0.2392681577681577,48826368.354419194,0.630210814131106,230.86218899072665,4.199204027922666,62844.578125,0.3911217677299187
195,escalate,both baseline and anomaly score in top 5%,1.0,1.0,1.0,0,0.24853728386623122,2375880212.583799,0.647762274991885,1738.2282546806032,4.199204027922666,3543661.25,0.3942046088774295
196,escalate,both baseline and anomaly score in top 5%,0.9952076677316294,0.9904153354632588,1.0,0,0.22203067010961747,132562697.21080135,0.6350420145893663,408.56729209581897,4.199204027922666,187119.859375,0.3796455382346191
197,escalate,both baseline and anomaly score in top 5%,1.0,1.0,1.0,0,0.24895527328422068,236319422.3073331,0.6521748620737575,551.431300240027,4.199204027922666,379649.09375,0.39354887174905606
198,escalate,both baseline and anomaly score in top 5%,0.9984025559105432,0.9968051118210862,1.0,0,0.24211268069162797,1916561668.0687964,0.6585829772788642,1495.039386335964,4.199204027922666,2602770.25,0.3950032064880376
199,escalate,both baseline and anomaly score in top 5%,0.9984025559105432,0.9968051118210862,1.0,0,0.22970130503025232,91570401.90899651,0.6404845123392184,341.1769724951381,4.199204027922666,131116.59375,0.3854331272389214
200,escalate,both baseline and anomaly score in top 5%,0.9984025559105432,0.9968051118210862,1.0,0,0.24053187261082,228440658.4270414,0.6485446019889555,495.0984461173459,4.199204027922666,301217.90625,0.39541126120888787
201,escalate,both baseline and anomaly score in top 5%,0.9984025559105432,0.9968051118210862,1.0,0,0.2292008177008176,209183382.28022695,0.6431536550994373,509.05473836137406,4.199204027922666,302187.4375,0.38350673542594726
202,escalate,both baseline and anomaly score in top 5%,0.9984025559105432,0.9968051118210862,1.0,0,0.23276316310681627,1182718499.9216676,0.6562821922500883,1395.1502897675305,4.199204027922666,1985888.625,0.3838052554308666
203,escalate,both baseline and anomaly score in top 5%,1.0,1.0,1.0,0,0.2509587542087542,183926569397.1299,0.670117877841489,15021.89515987398,4.199204027922666,293112000.0,0.39522670367575224
204,escalate,both baseline and anomaly score in top 5%,0.9968051118210863,0.9936102236421726,1.0,0,0.22454574456045037,334430396.17677534,0.6574659771299356,630.8382675107704,4.199204027922666,460761.46875,0.3772176963168059
205,escalate,both baseline and anomaly score in top 5%,1.0,1.0,1.0,0,0.28354695767195764,239418993.6090709,0.667005459721729,573.1158676769069,4.199204027922666,359784.84375,0.41118263580097286
206,escalate,both baseline and anomaly score in top 5%,0.9984025559105432,0.9968051118210862,1.0,0,0.2393714526214526,2447728485.812398,0.6546006461314751,1843.1724957169433,4.199204027922666,3673293.25,0.39131318680008315
207,escalate,both baseline and anomaly score in top 5%,0.9984025559105432,0.9968051118210862,1.0,0,0.24207647907647906,2089428993.8832269,0.6317403857318331,1607.5257062518633,4.199204027922666,3127590.0,0.39214628361314846
208,escalate,both baseline and anomaly score in top 5%,0.9984025559105432,0.9968051118210862,1.0,0,0.2394270081770081,2203914064.653636,0.6448277969807514,1729.485797176177,4.199204027922666,3376998.0,0.3910815523896753
209,escalate,both baseline and anomaly score in top 5%,1.0,1.0,1.0,0,0.26340866575231897,50246026.86149077,0.6516847700883763,278.4390388908897,4.199204027922666,90739.6875,0.3979324580282714
210,escalate,both baseline and anomaly score in top 5%,1.0,1.0,1.0,0,0.24760342143236874,54786016.80752639,0.6312177828306731,281.3576388349785,4.199204027922666,93594.0703125,0.3921504532164854
211,escalate,both baseline and anomaly score in top 5%,0.9984025559105432,0.9968051118210862,1.0,0,0.2335698653198652,216422337.95153165,0.6430375717170854,514.8626459603729,4.199204027922666,292212.625,0.38269747621469363
212,escalate,both baseline and anomaly score in top 5%,0.9984025559105432,0.9968051118210862,1.0,0,0.24455235831706418,62689206.66233276,0.6463999277309666,275.68859711628517,4.199204027922666,99792.015625,0.3874034892639088
213,escalate,both baseline and anomaly score in top 5%,1.0,1.0,1.0,0,0.2535121515910989,463172815.7292939,0.653551941846393,759.749878352526,4.199204027922666,635588.75,0.3960622907472836
214,escalate,both baseline and anomaly score in top 5%,0.9904153354632588,0.9808306709265175,1.0,0,0.21679737854737852,2331038906.0338345,0.6404663277519257,1791.9657326756728,4.199204027922666,3475748.25,0.37887181327118824
215,escalate,both baseline and anomaly score in top 5%,0.9984025559105432,0.9968051118210862,1.0,0,0.22958013609484193,254065136.58572966,0.648907339533868,559.4992549145318,4.199204027922666,349945.71875,0.3835288788778929
216,escalate,both baseline and anomaly score in top 5%,1.0,1.0,1.0,0,0.26551960076960074,2145978765.31291,0.6482378100688067,1729.3554049473223,4.199204027922666,3288874.75,0.4012013477882995
217,escalate,both baseline and anomaly score in top 5%,1.0,1.0,1.0,0,0.2514155907445381,114850672.2701856,0.6456827190827693,359.32931610902114,4.199204027922666,153377.578125,0.3999905191256344
218,escalate,both baseline and anomaly score in top 5%,1.0,1.0,1.0,0,0.247128553707501,179107254.98810908,0.6424249575783864,450.54192197306566,4.199204027922666,237151.421875,0.3919769205949338
219,escalate,both baseline and anomaly score in top 5%,0.9776357827476039,0.9552715654952076,1.0,0,0.2077621515910989,227905903.6689561,0.6458563287391679,552.3154726841628,4.199204027922666,341602.4375,0.3755489066006594
220,escalate,both baseline and anomaly score in top 5%,1.0,1.0,1.0,0,0.25300012657907395,915322499.1974187,0.6502131063705552,998.752700735739,4.199204027922666,1180192.75,0.39801891978611603
221,escalate,both baseline and anomaly score in top 5%,1.0,1.0,1.0,0,0.2512484367484367,288172514.0786041,0.6416054942743963,589.8211347495095,4.199204027922666,428222.6875,0.39246082435634205
222,escalate,both baseline and anomaly score in top 5%,1.0,1.0,1.0,0,0.25020791878686616,453827157.6026122,0.648886321628647,707.9808555319339,4.199204027922666,603048.375,0.3880202334945
223,escalate,both baseline and anomaly score in top 5%,0.9984025559105432,0.9968051118210862,1.0,0,0.2427775372775373,238710067.47563168,0.6448522084614698,557.825968194482,4.199204027922666,350202.375,0.38549513847595746
224,review,combined score in top 9%,0.9728434504792332,0.9456869009584664,1.0,0,0.20120214045214038,152050173.2071208,0.654102523463861,459.76759684563723,4.199204027922666,240659.03125,0.36828664739895717
225,escalate,both baseline and anomaly score in top 5%,0.9984025559105432,0.9968051118210862,1.0,0,0.24326563251563244,1202477238.985561,0.6563886019631415,1187.1481150674306,4.199204027922666,1649335.125,0.3879750965461579
226,escalate,both baseline and anomaly score in top 5%,1.0,1.0,1.0,0,0.259596807675755,459077765.70071274,0.6321798647892154,777.7214712416459,4.199204027922666,666546.0625,0.39825726586904414
227,escalate,both baseline and anomaly score in top 5%,1.0,1.0,1.0,0,0.25366907166907166,384579179.73756635,0.6256677374283971,688.491891482318,4.199204027922666,576637.75,0.3933559353004437
228,escalate,both baseline and anomaly score in top 5%,1.0,1.0,1.0,0,0.25242352725247463,377645965.5507498,0.6327759189851356,674.8322310615958,4.199204027922666,528943.9375,0.388674058184231
229,escalate,both baseline and anomaly score in top 5%,0.9984025559105432,0.9968051118210862,1.0,0,0.23963781296676032,315112832.6397545,0.6473757953553704,583.9352085585889,4.199204027922666,424112.3125,0.39009303907773335
230,escalate,both baseline and anomaly score in top 5%,0.9984025559105432,0.9968051118210862,1.0,0,0.24302621452621448,337052335.0442491,0.639035732508568,660.5969290737033,4.199204027922666,526202.6875,0.3878892279950162
231,escalate,both baseline and anomaly score in top 5%,1.0,1.0,1.0,0,0.25349231032125763,254237035.8362302,0.6382980397114496,575.7064053088927,4.199204027922666,351972.25,0.39657219619739764
232,escalate,both baseline and anomaly score in top 5%,0.9984025559105432,0.9968051118210862,1.0,0,0.2324729932376991,552725123.3047364,0.6339719719603341,857.0087590432344,4.199204027922666,793792.875,0.38624306625811844
233,escalate,both baseline and anomaly score in top 5%,0.9984025559105432,0.9968051118210862,1.0,0,0.23463335738335733,937562156.6206145,0.6472351060673895,1099.2421585557008,4.199204027922666,1327574.5,0.38656247188481074
234,review,combined score in top 9%,0.9728434504792332,0.9456869009584664,1.0,0,0.20017436267436264,99764614.14238116,0.6388614167684449,372.2792432304923,4.199204027922666,152142.328125,0.36341186325524816
235,escalate,both baseline and anomaly score in top 5%,0.9984025559105432,0.9968051118210862,1.0,0,0.23933706108706104,1678676223.0706782,0.6639325025491986,1390.414872592084,4.199204027922666,2182690.75,0.38628126635167803
236,escalate,both baseline and anomaly score in top 5%,0.9856230031948882,0.9712460063897763,1.0,0,0.2131469519758993,108352983.89054206,0.6569579723891372,358.9111486545033,4.199204027922666,153183.78125,0.37471329693121924
237,escalate,both baseline and anomaly score in top 5%,0.9904153354632588,0.9808306709265175,1.0,0,0.21626827801827792,439277043.3296802,0.6502144337711647,766.588224008415,4.199204027922666,667569.0625,0.37410535017020446
238,escalate,both baseline and anomaly score in top 5%,0.9936102236421724,0.987220447284345,1.0,0,0.22026563251563241,1189215424.27387,0.633465434614931,1241.2462083170988,4.199204027922666,1719846.0,0.37851655647356897
239,escalate,both baseline and anomaly score in top 5%,0.9984025559105432,0.9968051118210862,1.0,0,0.22947462722462722,272789001.3328934,0.6309049302289098,545.4685111430899,4.199204027922666,372042.28125,0.37874625103149573
240,escalate,both baseline and anomaly score in top 5%,0.9968051118210863,0.9936102236421726,1.0,0,0.22471801346801348,202829561.4961625,0.6511526969258093,473.2091517788132,4.199204027922666,272698.28125,0.3793754563929663
241,escalate,both baseline and anomaly score in top 5%,1.0,1.0,1.0,0,0.2551651034151033,958089536.3866907,0.6428810547738107,1004.0719918419449,4.199204027922666,1232202.25,0.3993985298481056
242,escalate,both baseline and anomaly score in top 5%,0.9984025559105432,0.9968051118210862,1.0,0,0.2449402356902356,2044408851.4712508,0.6590389044263953,1577.2525217255861,4.199204027922666,2901368.25,0.39271230756982045
243,escalate,both baseline and anomaly score in top 5%,0.9904153354632588,0.9808306709265175,1.0,0,0.21695447471918053,94483463.01627426,0.6328527353006356,328.3554217030364,4.199204027922666,135686.390625,0.3762872030014587
244,escalate,both baseline and anomaly score in top 5%,0.9856230031948882,0.9712460063897763,1.0,0,0.21263304614775197,405548180.8760404,0.6532452267272395,712.7867495370912,4.199204027922666,536513.9375,0.37054135464507165
245,escalate,both baseline and anomaly score in top 5%,1.0,1.0,1.0,0,0.262034151034151,229998836.86520362,0.630899117314298,533.0921349180047,4.199204027922666,336625.3125,0.39630342543810176
246,escalate,both baseline and anomaly score in top 5%,0.9968051118210863,0.9936102236421726,1.0,0,0.22716510341510335,144445646.5964693,0.6289972012582483,408.08001460625485,4.199204027922666,212097.796875,0.3815196523340598
247,escalate,both baseline and anomaly score in top 5%,0.9984025559105432,0.9968051118210862,1.0,0,0.24047615347615348,911136292.4800556,0.6350245277973409,1095.7099058891008,4.199204027922666,1275129.5,0.3922115612643833
248,escalate,both baseline and anomaly score in top 5%,0.9984025559105432,0.9968051118210862,1.0,0,0.2288397065897066,289581034.5240646,0.6620827408827615,557.7090721708049,4.199204027922666,392202.6875,0.3828769161297585
249,escalate,both baseline and anomaly score in top 5%,0.9984025559105432,0.9968051118210862,1.0,0,0.2444547859547859,399710724.1226282,0.6406568512768602,684.6570881979627,4.199204027922666,525931.3125,0.39093602210956074
250,escalate,both baseline and anomaly score in top 5%,1.0,1.0,1.0,0,0.25277377252377253,325060302.6477053,0.6519623772364482,668.6796267618516,4.199204027922666,499875.6875,0.39835378850021064
251,escalate,both baseline and anomaly score in top 5%,0.9856230031948882,0.9712460063897763,1.0,0,0.21353811928811928,526014134.0764801,0.6439425170870832,807.6558995949019,4.199204027922666,689477.6875,0.37938762552425237
252,escalate,both baseline and anomaly score in top 5%,1.0,1.0,1.0,0,0.25722859547859545,298590558.4561761,0.6229149082086275,628.5344238636243,4.199204027922666,425120.0625,0.39744804117609495
253,escalate,both baseline and anomaly score in top 5%,0.9936102236421724,0.987220447284345,1.0,0,0.22024446849446838,151501317.37441164,0.6445868074328223,439.74791575710606,4.199204027922666,222180.796875,0.3777932676532888
254,escalate,both baseline and anomaly score in top 5%,0.9984025559105432,0.9968051118210862,1.0,0,0.23419552669552657,364392986.9839533,0.6255676734867809,674.1841024522363,4.199204027922666,504248.78125,0.3860495118061934
255,escalate,both baseline and anomaly score in top 5%,1.0,1.0,1.0,0,0.2504190716690716,857686952.0601696,0.6288130178005183,1049.6071745582678,4.199204027922666,1193863.375,0.39586453095194807
256,escalate,both baseline and anomaly score in top 5%,0.9936102236421724,0.987220447284345,1.0,0,0.2203291245791246,824092082.3338094,0.6498201678981868,1012.2706956934077,4.199204027922666,1160723.625,0.3822361342358167
257,escalate,both baseline and anomaly score in top 5%,0.9984025559105432,0.9968051118210862,1.0,0,0.23865716690716685,122589364.50800851,0.6390792187594061,393.51535403538503,4.199204027922666,185023.40625,0.39013779713041163
258,escalate,both baseline and anomaly score in top 5%,0.9984025559105432,0.9968051118210862,1.0,0,0.24217171717171715,265763186.32159662,0.6349252615919732,537.2701678897581,4.199204027922666,350885.46875,0.38960878306547087
259,escalate,both baseline and anomaly score in top 5%,0.9984025559105432,0.9968051118210862,1.0,0,0.24078331561226296,586591693.2461979,0.6695451896441367,790.8831457874492,4.199204027922666,767955.3125,0.3902688676500391
260,escalate,both baseline and anomaly score in top 5%,0.9984025559105432,0.9968051118210862,1.0,0,0.24177641802641797,154298755.43800744,0.626128677020967,420.423710406434,4.199204027922666,217775.78125,0.3909916386305815
261,escalate,both baseline and anomaly score in top 5%,0.9984025559105432,0.9968051118210862,1.0,0,0.22926532128002705,169528128.77037477,0.6349769866948938,495.9780784063275,4.199204027922666,266028.0,0.3874446987210894
262,escalate,both baseline and anomaly score in top 5%,0.9984025559105432,0.9968051118210862,1.0,0,0.23699363307258034,158986970.85850883,0.6359736341702966,462.05566105852995,4.199204027922666,236180.84375,0.3874982738104803
263,escalate,both baseline and anomaly score in top 5%,1.0,1.0,1.0,0,0.2665619288119288,477648794.1889138,0.6530594192033192,781.2540901832426,4.199204027922666,684879.5,0.40523700633672777
264,escalate,both baseline and anomaly score in top 5%,0.9984025559105432,0.9968051118210862,1.0,0,0.23190452140452134,628017297.8253809,0.6491437957368603,889.9805392738526,4.199204027922666,932019.0,0.3853122079125995
265,escalate,both baseline and anomaly score in top 5%,0.9984025559105432,0.9968051118210862,1.0,0,0.24364658489658486,873772763.9770232,0.6349547656182073,1055.830693696604,4.199204027922666,1241107.125,0.39274142546050256
266,escalate,both baseline and anomaly score in top 5%,0.9808306709265175,0.9616613418530351,1.0,1,0.2112325637325637,2777441778.6028786,0.6544712031909056,1831.8491997135923,4.199204027922666,4015461.5,0.36911635700487766
267,escalate,both baseline and anomaly score in top 5%,0.9984025559105432,0.9968051118210862,1.0,0,0.2361849446849446,128112807.30068143,0.6394373154467035,364.20290198725735,4.199204027922666,160888.390625,0.38668229949088506
268,escalate,both baseline and anomaly score in top 5%,1.0,1.0,1.0,0,0.2555145132645133,871423458.5652125,0.6268116445025146,1044.6636050328552,4.199204027922666,1202491.5,0.3930165272788692
269,escalate,both baseline and anomaly score in top 5%,0.9984025559105432,0.9968051118210862,1.0,0,0.24122234880129606,252796387.99357447,0.6570874985833395,509.55108486307364,4.199204027922666,327303.25,0.3893503093469504
270,escalate,both baseline and anomaly score in top 5%,0.9984025559105432,0.9968051118210862,1.0,0,0.23457167540062274,220836128.88215148,0.6242757674136165,524.5952947858979,4.199204027922666,328655.25,0.386930084819945
271,escalate,both baseline and anomaly score in top 5%,1.0,1.0,1.0,0,0.27560077592972326,104527809.72635064,0.6432972274201807,382.81790747254917,4.199204027922666,168493.078125,0.4094491140087554
272,escalate,both baseline and anomaly score in top 5%,0.9984025559105432,0.9968051118210862,1.0,0,0.22945214045214038,454640474.2923404,0.6427569961339,747.9210122701356,4.199204027922666,608984.5625,0.37711598776925265
273,escalate,both baseline and anomaly score in top 5%,0.9968051118210863,0.9936102236421726,1.0,0,0.22578018278018272,1118939554.6683018,0.6491660981841898,1194.6232879777633,4.199204027922666,1579131.625,0.38155167448559874
274,escalate,both baseline and anomaly score in top 5%,0.976038338658147,0.952076677316294,1.0,0,0.20471404521404518,690605788.8048053,0.6449698922510431,943.6043994959522,4.199204027922666,963957.5625,0.3742208160721791
275,escalate,both baseline and anomaly score in top 5%,0.9952076677316294,0.9904153354632588,1.0,0,0.22167700817700808,186980526.97434306,0.6474437720855888,468.08115744688905,4.199204027922666,267490.375,0.37557414792665117
276,escalate,both baseline and anomaly score in top 5%,0.9968051118210863,0.9936102236421726,1.0,0,0.22676876534771273,389312111.76097745,0.6730799193374504,682.4604281263975,4.199204027922666,547781.75,0.38536083918657094
277,escalate,both baseline and anomaly score in top 5%,0.9936102236421724,0.987220447284345,1.0,0,0.21952356902356895,638228708.4318813,0.6440265700886492,821.5447459710618,4.199204027922666,828363.875,0.37694402416772477
278,escalate,both baseline and anomaly score in top 5%,0.9856230031948882,0.9712460063897763,1.0,0,0.2152047859547859,176770498.9405082,0.6429185632912063,486.733462566128,4.199204027922666,253495.296875,0.37955562416130706
279,escalate,both baseline and anomaly score in top 5%,0.9984025559105432,0.9968051118210862,1.0,0,0.24250686058580792,303652083.1659257,0.657937594155339,583.8950191903652,4.199204027922666,392992.40625,0.39113720695719645
280,escalate,both baseline and anomaly score in top 5%,0.9984025559105432,0.9968051118210862,1.0,0,0.24580531505531505,309633466.6755317,0.6527771706516934,571.6870830826887,4.199204027922666,396830.5625,0.3931303209475982
281,escalate,both baseline and anomaly score in top 5%,1.0,1.0,1.0,0,0.2512325637325637,663158640.626299,0.6469859870017549,906.237227494046,4.199204027922666,911730.4375,0.3893568323182606
282,escalate,both baseline and anomaly score in top 5%,0.9984025559105432,0.9968051118210862,1.0,0,0.23980663780663775,575518154.3380775,0.6504354681932482,872.5108529218742,4.199204027922666,803783.375,0.3836864442414042
283,escalate,both baseline and anomaly score in top 5%,1.0,1.0,1.0,0,0.2501584896584897,430225994.9212755,0.6389428846796235,692.1325692758809,4.199204027922666,567657.25,0.3950350109949491
284,escalate,both baseline and anomaly score in top 5%,0.9984025559105432,0.9968051118210862,1.0,0,0.24072379180273912,131558560.0800465,0.6447463965622401,415.5481052290455,4.199204027922666,199092.59375,0.3875208656093569
285,escalate,both baseline and anomaly score in top 5%,0.9984025559105432,0.9968051118210862,1.0,0,0.2382656325156325,123404909.60871549,0.6252126295720145,379.53490724796137,4.199204027922666,177126.75,0.38747929265384906
286,escalate,both baseline and anomaly score in top 5%,1.0,1.0,1.0,0,0.25243879268879266,484213066.6986394,0.6357180803075085,769.9009861322054,4.199204027922666,711687.25,0.3970048577093273
287,escalate,both baseline and anomaly score in top 5%,1.0,1.0,1.0,0,0.2612616642616642,131036759.12864728,0.6323245433543452,405.82203563208236,4.199204027922666,197373.515625,0.3997498629384762
288,escalate,both baseline and anomaly score in top 5%,0.9984025559105432,0.9968051118210862,1.0,0,0.23289658489658488,223793270.6265622,0.624273460193934,511.9870895000971,4.199204027922666,298602.15625,0.38460300853107393
289,escalate,both baseline and anomaly score in top 5%,0.9984025559105432,0.9968051118210862,1.0,0,0.23558838383838382,298574426.89188915,0.6447502331852385,604.5573298430097,4.199204027922666,385883.625,0.3891237635772351
290,escalate,both baseline and anomaly score in top 5%,0.9984025559105432,0.9968051118210862,1.0,0,0.24554045355515938,666631959.1766416,0.6344824536071864,840.2521324611587,4.199204027922666,848720.375,0.3897885046086573
291,escalate,both baseline and anomaly score in top 5%,0.9984025559105432,0.9968051118210862,1.0,0,0.23823124098124102,827864824.2304388,0.6541702925189685,969.2778163581439,4.199204027922666,1155824.625,0.3849252850848898
292,escalate,both baseline and anomaly score in top 5%,0.9856230031948882,0.9712460063897763,1.0,0,0.21508044733044718,155578391.3033086,0.6519093414994042,443.6359919539309,4.199204027922666,210463.171875,0.37599147247901626
293,escalate,both baseline and anomaly score in top 5%,0.9968051118210863,0.9936102236421726,1.0,0,0.22668097643097634,212264221.39541727,0.6376656928652316,539.5148784171248,4.199204027922666,316497.625,0.3856819450849043
294,escalate,both baseline and anomaly score in top 5%,0.9984025559105432,0.9968051118210862,1.0,0,0.22839923039923035,183685010.3312657,0.6305329020995073,456.255267820021,4.199204027922666,245020.1875,0.38320814664322345
295,escalate,both baseline and anomaly score in top 5%,0.9984025559105432,0.9968051118210862,1.0,0,0.2450743209032682,121886827.64749442,0.6517825345378646,408.95803255303605,4.199204027922666,191680.109375,0.39372092486069726
296,escalate,both baseline and anomaly score in top 5%,0.9952076677316294,0.9904153354632588,1.0,0,0.22251563251563244,768075515.9715052,0.6320818690356134,949.0058226994279,4.199204027922666,1091832.875,0.37955207241996214
297,escalate,both baseline and anomaly score in top 5%,0.9776357827476039,0.9552715654952076,1.0,0,0.20818229918229914,172399424.067087,0.6459418481362927,476.87101970158983,4.199204027922666,245856.140625,0.36743639121374566
298,escalate,both baseline and anomaly score in top 5%,0.9936102236421724,0.987220447284345,1.0,0,0.2204680134680134,83161406.48522156,0.6367394525732023,351.7699218344857,4.199204027922666,131658.703125,0.3771401273744252
299,escalate,both baseline and anomaly score in top 5%,0.9952076677316294,0.9904153354632588,1.0,0,0.22192749550644283,115847574.36498651,0.6303911320338589,372.055208734903,4.199204027922666,164057.484375,0.37873936806046904
300,escalate,both baseline and anomaly score in top 5%,0.9984025559105432,0.9968051118210862,1.0,0,0.23639526214526213,805308640.6454167,0.6442943968131396,956.1804273840875,4.199204027922666,1082723.125,0.38662676741705304
301,escalate,both baseline and anomaly score in top 5%,0.9984025559105432,0.9968051118210862,1.0,0,0.23514759641230223,256763093.306574,0.6255118046476539,597.0307450718436,4.199204027922666,372078.09375,0.38749056301296037
302,escalate,both baseline and anomaly score in top 5%,0.9984025559105432,0.9968051118210862,1.0,0,0.243813455063455,511071107.5836896,0.6383657832198132,830.8971979788163,4.199204027922666,743715.9375,0.3949110722866754
303,escalate,both baseline and anomaly score in top 5%,0.9952076677316294,0.9904153354632588,1.0,0,0.22282828915723646,457834046.58259493,0.6330433746968326,764.5981668462603,4.199204027922666,640103.9375,0.3840059595618669
304,escalate,both baseline and anomaly score in top 5%,0.9984025559105432,0.9968051118210862,1.0,0,0.23556721981721973,759205882.6278746,0.6206134244993774,964.5699102235649,4.199204027922666,1033365.3125,0.38903513204925283
305,escalate,both baseline and anomaly score in top 5%,0.9984025559105432,0.9968051118210862,1.0,0,0.2334848979996038,62422988.43960928,0.6287664159035221,287.9312445733979,4.199204027922666,92496.84375,0.3829929583874257
306,escalate,both baseline and anomaly score in top 5%,0.9984025559105432,0.9968051118210862,1.0,0,0.2283476430976431,163435458.54953024,0.6440256787328829,450.64103793293805,4.199204027922666,236146.703125,0.38821436296004114
307,escalate,both baseline and anomaly score in top 5%,0.9984025559105432,0.9968051118210862,1.0,0,0.23926876534771263,304280241.6837028,0.6367290481998298,625.1443099169129,4.199204027922666,442757.625,0.3906713608433014
308,escalate,both baseline and anomaly score in top 5%,0.9984025559105432,0.9968051118210862,1.0,0,0.24043097643097638,117787278.7487541,0.64620448689341,396.62009756872254,4.199204027922666,178680.109375,0.38991382233093763
309,escalate,both baseline and anomaly score in top 5%,0.9984025559105432,0.9968051118210862,1.0,0,0.23992749550644282,153426343.32392508,0.6272711672482979,442.1423556565684,4.199204027922666,220453.484375,0.389720375310893
310,escalate,both baseline and anomaly score in top 5%,1.0,1.0,1.0,0,0.26401367784262525,297705127.10656065,0.6233311133112382,558.5630530269515,4.199204027922666,376372.40625,0.40492976369733286
311,escalate,both baseline and anomaly score in top 5%,1.0,1.0,1.0,0,0.2690526695526695,169970252.85009554,0.6373320394972426,447.72538297871915,4.199204027922666,244721.4375,0.4030086904953708
312,escalate,both baseline and anomaly score in top 5%,0.9968051118210863,0.9936102236421726,1.0,0,0.2276754449254449,127228395.35559185,0.6362686443057318,428.72282463814224,4.199204027922666,210071.09375,0.38195762908175696
313,escalate,both baseline and anomaly score in top 5%,0.9968051118210863,0.9936102236421726,1.0,0,0.22599050024050021,214179872.38664505,0.621755547567442,522.3510384590929,4.199204027922666,303451.96875,0.38060130310592855
